;0
0;https://www.lemonde.fr/afrique/article/2017/08/22/sierra-leone-apres-les-inondations-les-victimes-livrees-a-elles-memes_5175276_3212.html?xtmc=plastique_ocean&xtcr=230
1;https://www.lemonde.fr/sciences/article/2016/12/05/nouvelle-caledonie-paradis-naturaliste_5043664_1650684.html?xtmc=plastique_ocean&xtcr=382
2;https://www.lemonde.fr/archives/article/1991/01/22/les-trompe-la-mort-d-el-ahsa-moteurs-hurlants-les-jaguar-francais-foncent-sur-le-koweit_4014281_1819218.html?xtmc=plastique_ocean&xtcr=363
3;https://www.lemonde.fr/archives/article/1985/12/27/des-affrontements-tribaux-pres-de-durban-ont-fait-plus-de-cinquante-morts_2757633_1819218.html?xtmc=plastique_ocean&xtcr=97
4;https://www.lemonde.fr/archives/article/1985/12/27/des-affrontements-tribaux-pres-de-durban-ont-fait-plus-de-cinquante-morts_2757633_1819218.html?xtmc=plastique_ocean&xtcr=103
5;https://www.lemonde.fr/m-mode-business-of-fashion/article/2017/05/24/julien-d-ys-l-artiste-capillaire_5133289_4497393.html?xtmc=plastique_ocean&xtcr=427
6;https://www.lemonde.fr/archives/article/1999/05/15/un-indien-fait-le-pont-entre-hugo-et-godard_3547780_1819218.html?xtmc=plastique_ocean&xtcr=183
7;https://www.lemonde.fr/planete/article/2018/04/19/bombay-et-sa-region-interdisent-le-plastique-non-reutilisable_5287610_3244.html?xtmc=plastique_ocean&xtcr=14
8;https://www.lemonde.fr/planete/article/2012/04/25/thilafushi-la-bombe-toxique-des-maldives_1690857_3244.html?xtmc=plastique_ocean&xtcr=62
9;https://www.lemonde.fr/planete/article/2018/07/07/goelette-scientifique-tara-journal-de-bord-n-8_5327825_3244.html?xtmc=plastique_ocean&xtcr=193
10;https://www.lemonde.fr/archives/article/1974/10/22/les-fidji-ou-le-bonheur-des-autres-i-un-jour-londres-eut-besoin-de-sucre_3092028_1819218.html?xtmc=plastique_ocean&xtcr=484
11;https://www.lemonde.fr/archives/article/1969/01/09/l-espace-moderne-d-olivier-debre_2421940_1819218.html?xtmc=plastique_ocean&xtcr=431
12;https://www.lemonde.fr/culture/article/2013/07/05/une-fenetre-sur-la-catalogne-a-avignon_3443122_3246.html?xtmc=plastique_ocean&xtcr=274
13;https://www.lemonde.fr/archives/article/1999/10/13/dans-l-ancienne-place-forte-des-milices-au-timor-oriental-des-taches-rouges-sur-les-murs-du-stade_3569000_1819218.html?xtmc=plastique_ocean&xtcr=355
14;https://www.lemonde.fr/vous/article/2010/04/19/les-jardins-fleurissent-en-ville_1338554_3238.html?xtmc=plastique_ocean&xtcr=287
15;https://www.lemonde.fr/planete/article/2015/06/12/a-seattle-les-kayaktivistes-contre-shell_4652541_3244.html?xtmc=plastique_ocean&xtcr=347
16;https://www.lemonde.fr/planete/article/2018/06/22/a-bord-de-la-goelette-tara-cap-vers-le-continent-de-plastique_5319945_3244.html?xtmc=plastique_ocean&xtcr=84
17;https://www.lemonde.fr/planete/article/2012/10/29/au-groenland-des-dechets-bloques-en-eaux-profondes_1782609_3244.html?xtmc=plastique_ocean&xtcr=27
18;https://www.lemonde.fr/archives/article/1973/06/28/a-fonds-perdus-d-henri-queffelec-le-naufrage-du-monte-christo-de-jean-mistler-survivre-de-dougal-robertson_3095614_1819218.html?xtmc=plastique_ocean&xtcr=393
19;https://www.lemonde.fr/cinema/article/2018/12/26/mirai-ma-petite-s-ur-psyche-enfantine-a-grand-spectacle_5402224_3476.html?xtmc=plastique_ocean&xtcr=262
20;https://www.lemonde.fr/livres/article/2018/10/18/jeremy-fel-horrifie-le-kansas_5371119_3260.html?xtmc=plastique_ocean&xtcr=127
21;https://www.lemonde.fr/archives/article/1964/05/21/la-grande-course-atlantique_2138246_1819218.html?xtmc=plastique_ocean&xtcr=133
22;https://www.lemonde.fr/livres/article/2015/03/17/shakespeare-est-le-semeur-d-eblouissements_4595373_3260.html?xtmc=plastique_ocean&xtcr=492
23;https://www.lemonde.fr/m-actu/article/2018/08/03/jean-rolin-a-la-poursuite-des-oiseaux-avant-disparition_5339088_4497186.html?xtmc=plastique_ocean&xtcr=315
24;https://www.lemonde.fr/archives/article/1994/09/03/epoque-les-cavaliers-de-l-ecume_3813269_1819218.html?xtmc=plastique_ocean&xtcr=324
25;https://www.lemonde.fr/archives/article/1951/03/02/rencontre-avec-enrico-gras-au-festival-de-punta-del-este_2064399_1819218.html?xtmc=plastique_ocean&xtcr=239
26;https://www.lemonde.fr/arts/article/2016/05/10/un-dak-art-sous-le-signe-de-la-colere_4916388_1655012.html?xtmc=plastique_ocean&xtcr=342
27;https://www.lemonde.fr/a-bord-de-l-aquarius/article/2016/07/14/canots-blancs-gris-ou-en-bois-typologie-des-esquifs-sauves-par-l-aquarius_4969550_4961323.html?xtmc=plastique_ocean&xtcr=123
28;https://www.lemonde.fr/archives/article/1989/04/06/l-enquete-les-eveques-conservateurs-en-progres-dans-le-nordeste-bresil-le-crepuscule-de-l-eglise-populaire_4106860_1819218.html?xtmc=plastique_ocean&xtcr=535
29;https://www.lemonde.fr/archives/article/1985/08/22/josef-koudelka_2760226_1819218.html?xtmc=plastique_ocean&xtcr=503
30;https://www.lemonde.fr/archives/article/1981/05/26/boutiques-a-idees_2722144_1819218.html?xtmc=plastique_ocean&xtcr=188
31;https://www.lemonde.fr/international/article/2018/11/30/north-sentinel-derriere-la-mort-d-un-missionnaire-une-longue-histoire-de-resistance_5391100_3210.html?xtmc=plastique_ocean&xtcr=447
32;https://www.lemonde.fr/archives/article/2000/09/13/sydney-la-magnifique_95095_1819218.html?xtmc=plastique_ocean&xtcr=311
33;https://www.lemonde.fr/voyage/article/2010/05/07/dans-manga-y-a-du-vin_1348278_3546.html?xtmc=plastique_ocean&xtcr=453
34;https://www.lemonde.fr/planete/article/2010/01/21/dans-l-ombre-du-co2-le-danger-o3_1294829_3244.html?xtmc=plastique_ocean&xtcr=241
35;https://www.lemonde.fr/archives/article/2001/03/15/fernando-savater-ou-le-courage-en-solitaire_4183740_1819218.html?xtmc=plastique_ocean&xtcr=469
36;https://www.lemonde.fr/afrique/article/2017/03/30/au-somaliland-des-regions-entieres-videes-par-la-secheresse_5102995_3212.html?xtmc=plastique_ocean&xtcr=508
37;https://www.lemonde.fr/sport/article/2013/01/14/francois-gabart-met-les-voiles-en-tete-du-vendee-globe_1816743_3242.html?xtmc=plastique_ocean&xtcr=245
38;https://www.lemonde.fr/archives/article/2002/07/01/heureusement-qu-on-a-le-football_283164_1819218.html?xtmc=plastique_ocean&xtcr=303
39;https://www.lemonde.fr/planete/article/2018/10/30/la-lutte-inegale-de-taiwan-contre-les-debris-marins_5376548_3244.html?xtmc=plastique_ocean&xtcr=75
40;https://www.lemonde.fr/planete/article/2012/05/09/les-plastiques-des-dechets-nefastes-pour-les-ecosystemes_1698047_3244.html?xtmc=plastique_ocean&xtcr=79
41;https://www.lemonde.fr/archives/article/1986/01/03/pollutions_2938297_1819218.html?xtmc=plastique_ocean&xtcr=196
42;https://www.lemonde.fr/archives/article/1995/10/20/le-chant-de-veille-de-maximin_3883420_1819218.html?xtmc=plastique_ocean&xtcr=243
43;https://www.lemonde.fr/vous/article/2008/11/15/glaciologie-des-canards-en-plastique-pour-etudier-la-fonte-d-un-glacier-groenlandais_1119111_3238.html?xtmc=plastique_ocean&xtcr=11
44;https://www.lemonde.fr/archives/article/1974/05/02/a-la-rochelle-deux-peterson-en-construction-pour-la-half-ton-cup_3087750_1819218.html?xtmc=plastique_ocean&xtcr=96
45;https://www.lemonde.fr/archives/article/1988/10/29/maurice-sans-paul-ni-virginie_4121307_1819218.html?xtmc=plastique_ocean&xtcr=387
46;https://www.lemonde.fr/archives/article/1977/04/14/variations-sur-une-ligne-droite_2857725_1819218.html?xtmc=plastique_ocean&xtcr=192
47;https://www.lemonde.fr/archives/article/1968/06/11/quatre-monocoques-parmi-les-cinq-favoris-de-la-traversee-de-l-atlantique_2497045_1819218.html?xtmc=plastique_ocean&xtcr=177
48;https://www.lemonde.fr/culture/article/2018/09/01/la-malbouffe-vue-du-ciel_5348811_3246.html?xtmc=plastique_ocean&xtcr=181
49;https://www.lemonde.fr/archives/article/1979/03/31/iii-ou-le-petrole-devient-verdure_2767800_1819218.html?xtmc=plastique_ocean&xtcr=392
50;https://www.lemonde.fr/archives/article/2002/07/13/frictions_284783_1819218.html?xtmc=plastique_ocean&xtcr=544
51;https://www.lemonde.fr/voyage/article/2006/04/21/porto-eternelle-rivale-de-lisbonne_764033_3546.html?xtmc=plastique_ocean&xtcr=158
52;https://www.lemonde.fr/archives/article/1978/11/27/un-paradis-touristique-pratiquement-inconnu_2998176_1819218.html?xtmc=plastique_ocean&xtcr=516
53;https://www.lemonde.fr/archives/article/1975/09/01/la-deuxieme-course-autour-du-monde-festival-sur-la-tamise_3100210_1819218.html?xtmc=plastique_ocean&xtcr=134
54;https://www.lemonde.fr/archives/article/1977/05/16/eh-maquereaux_2873160_1819218.html?xtmc=plastique_ocean&xtcr=67
55;https://www.lemonde.fr/archives/article/1954/01/22/a-traves-les-galeries_2034784_1819218.html?xtmc=plastique_ocean&xtcr=178
56;https://www.lemonde.fr/archives/article/1998/05/22/navigation-dans-les-vieux-quartiers_3647721_1819218.html?xtmc=plastique_ocean&xtcr=253
57;https://www.lemonde.fr/archives/article/1998/11/18/le-suicide-des-baleines-demeure-une-enigme_3696398_1819218.html?xtmc=plastique_ocean&xtcr=340
58;https://www.lemonde.fr/planete/article/2017/05/17/henderson-un-atoll-desert-et-isole-mais-couvert-de-plastique_5128781_3244.html?xtmc=plastique_ocean&xtcr=18
59;https://www.lemonde.fr/archives/article/1994/05/03/mode-d-emploi-consommation-les-decus-de-la-dinomania-les-resultats-des-operations-commerciales-exploitant-l-image-de-jurassic-park-sont-mitiges-pour-des-firmes-qui-ont-achete-les-l_3829779_1819218.html?xtmc=plastique_ocean&xtcr=279
60;https://www.lemonde.fr/afrique/article/2011/08/13/mogadiscio-outragee_1559230_3212.html?xtmc=plastique_ocean&xtcr=143
61;https://www.lemonde.fr/archives/article/2001/01/04/rodrigues-l-ile-solitaire_4156312_1819218.html?xtmc=plastique_ocean&xtcr=321
62;https://www.lemonde.fr/vous/article/2008/04/11/planete-plastique_1033402_3238.html?xtmc=plastique_ocean&xtcr=13
63;https://www.lemonde.fr/archives/article/1993/10/30/voyage-farouches-marquises_3935203_1819218.html?xtmc=plastique_ocean&xtcr=409
64;https://www.lemonde.fr/planete/article/2013/04/13/qui-stoppera-l-invasion-du-poisson-lion_3159302_3244.html?xtmc=plastique_ocean&xtcr=207
65;https://www.lemonde.fr/archives/article/2000/03/01/sur-le-chemin-des-capitales-khmeres_44690_1819218.html?xtmc=plastique_ocean&xtcr=443
66;https://www.lemonde.fr/archives/article/1979/06/09/la-mer-un-formidable-reservoir-de-stockage_2777174_1819218.html?xtmc=plastique_ocean&xtcr=237
67;https://www.lemonde.fr/archives/article/2002/11/04/les-bergers-de-l-ocean-s-attaquent-aux-dechets-marins_296737_1819218.html?xtmc=plastique_ocean&xtcr=69
68;https://www.lemonde.fr/archives/article/1971/04/24/le-petit-matin_2461426_1819218.html?xtmc=plastique_ocean&xtcr=144
69;https://www.lemonde.fr/archives/article/2002/03/28/sous-les-murailles-d-el-jadida_4239242_1819218.html?xtmc=plastique_ocean&xtcr=332
70;https://www.lemonde.fr/technologies/article/2014/01/06/objets-connectes-et-imprimantes-3d-vedettes-du-salon-de-las-vegas_4343351_651865.html?xtmc=plastique_ocean&xtcr=247
71;https://www.lemonde.fr/archives/article/1974/09/02/basalte-sous-la-mer-basalte-sous-les-fleurs_2527913_1819218.html?xtmc=plastique_ocean&xtcr=232
72;https://www.lemonde.fr/archives/article/2000/03/02/sur-le-chemin-des-capitales-khmeres_3684284_1819218.html?xtmc=plastique_ocean&xtcr=351
73;https://www.lemonde.fr/archives/article/1994/03/02/culture-photographie-le-panorama-de-san-francisco-au-musee-carnavalet-la-ville-dissequee-par-l-image_3801245_1819218.html?xtmc=plastique_ocean&xtcr=323
74;https://www.lemonde.fr/m-styles/article/2014/05/14/au-nicaragua-terre-d-eau-et-de-feu_4416785_4497319.html?xtmc=plastique_ocean&xtcr=341
75;https://www.lemonde.fr/vous/article/2011/08/13/francais-a-bali-bons-plans-au-paradis_1559355_3238.html?xtmc=plastique_ocean&xtcr=74
76;https://www.lemonde.fr/archives/article/1974/04/27/pour-le-classement-des-courses-en-mer-le-temps-travaille-contre-le-temps-compense_3089058_1819218.html?xtmc=plastique_ocean&xtcr=415
77;https://www.lemonde.fr/planete/article/2012/05/09/le-7e-continent-de-plastique-ces-tourbillons-de-dechets-dans-les-oceans_1696072_3244.html?xtmc=plastique_ocean&xtcr=61
78;https://www.lemonde.fr/planete/article/2014/07/01/88-de-la-surface-des-oceans-contaminee-par-du-plastique_4448338_3244.html?xtmc=plastique_ocean&xtcr=23
79;https://www.lemonde.fr/archives/article/2002/07/14/1-frictions_4259692_1819218.html?xtmc=plastique_ocean&xtcr=543
80;https://www.lemonde.fr/biodiversite/article/2016/12/28/la-france-installe-une-immense-aire-de-protection-autour-de-ses-terres-australes_5054660_1652692.html?xtmc=plastique_ocean&xtcr=233
81;https://www.lemonde.fr/voyage/article/2007/09/28/seattle-ville-de-la-bio-attitude_960754_3546.html?xtmc=plastique_ocean&xtcr=217
82;https://www.lemonde.fr/archives/article/1976/11/18/le-bois-fait-de-l-ombre-au-papier_2946008_1819218.html?xtmc=plastique_ocean&xtcr=413
83;https://www.lemonde.fr/festival/article/2016/08/18/les-horizons-bleu-azur-de-jacques-rozier_4984280_4415198.html?xtmc=plastique_ocean&xtcr=83
84;https://www.lemonde.fr/planete/article/2015/12/04/comment-la-cop21-peut-s-inspirer-des-peuples-du-pacifique_4824509_3244.html?xtmc=plastique_ocean&xtcr=182
85;https://www.lemonde.fr/archives/article/1964/08/22/iii-a-new-york-sous-la-corne-d-abondance_2126402_1819218.html?xtmc=plastique_ocean&xtcr=539
86;https://www.lemonde.fr/archives/article/1979/07/02/cinq-siecles-de-relations-etroites-et-tumultueuses-avec-l-europe_2781146_1819218.html?xtmc=plastique_ocean&xtcr=527
87;https://www.lemonde.fr/archives/article/1970/01/02/edward-heath-le-marin_2654640_1819218.html?xtmc=plastique_ocean&xtcr=272
88;https://www.lemonde.fr/archives/article/2001/03/14/fernando-savater-ou-le-courage-en-solitaire_161951_1819218.html?xtmc=plastique_ocean&xtcr=482
89;https://www.lemonde.fr/archives/article/2002/06/08/paysagistes-abstraits-et-videastes-enfants-naturels-de-claude-monet_279386_1819218.html?xtmc=plastique_ocean&xtcr=300
90;https://www.lemonde.fr/archives/article/1964/03/27/elle-sera-le-clou-du-pavillon-du-vatican-a-l-exposition-universelle-de-new-york_2119199_1819218.html?xtmc=plastique_ocean&xtcr=282
91;https://www.lemonde.fr/ete-2007/article/2007/07/26/les-nouragues-un-radeau-des-cimes-en-guyane_939366_781732.html?xtmc=plastique_ocean&xtcr=513
92;https://www.lemonde.fr/le-monde-2/article/2008/05/22/duong-thu-huong-inflexible-plume_1048449_1004868.html?xtmc=plastique_ocean&xtcr=534
93;https://www.lemonde.fr/pollution/article/2015/02/12/le-deversement-des-plastiques-dans-les-oceans-pourrait-decupler-d-ici-a-dix-ans_4575610_1652666.html?xtmc=plastique_ocean&xtcr=26
94;https://www.lemonde.fr/vous/article/2009/07/29/tuvalu-dernier-lagon-avant-l-apocalypse_1223801_3238.html?xtmc=plastique_ocean&xtcr=320
95;https://www.lemonde.fr/archives/article/1987/07/17/inquietude-face-a-un-regain-de-departs-illegaux-du-vietnam-on-nous-a-encourages-a-partir_4050070_1819218.html?xtmc=plastique_ocean&xtcr=301
96;https://www.lemonde.fr/pollution/article/2017/02/13/la-pollution-chimique-gagne-les-abysses_5079052_1652666.html?xtmc=plastique_ocean&xtcr=297
97;https://www.lemonde.fr/archives/article/1978/11/08/mauvaise-conscience_2997443_1819218.html?xtmc=plastique_ocean&xtcr=331
98;https://www.lemonde.fr/archives/article/1978/07/13/creation-nature-nature-de-la-creation_2999877_1819218.html?xtmc=plastique_ocean&xtcr=446
99;https://www.lemonde.fr/planete/article/2017/12/27/l-onu-ouvre-la-voie-a-un-futur-traite-sur-la-haute-mer_5234845_3244.html?xtmc=plastique_ocean&xtcr=50
100;https://www.lemonde.fr/archives/article/1996/06/06/lagos-monstre-couture-de-cicatrices-dans-la-boue-de-la-lagune_3734962_1819218.html?xtmc=plastique_ocean&xtcr=322
101;https://www.lemonde.fr/archives/article/1987/07/05/vendredi-10-juillet-la-part-de-l-autre-tf1-22-h-25-jeux-un-peu-troubles-de-l-identite_4046644_1819218.html?xtmc=plastique_ocean&xtcr=258
102;https://www.lemonde.fr/voyages-en-asie-pacifique/article/2006/11/03/rencontres-a-rodrigues_830490_3552.html?xtmc=plastique_ocean&xtcr=235
103;https://www.lemonde.fr/archives/article/1980/07/18/montreal-salut-la-parente_2793758_1819218.html?xtmc=plastique_ocean&xtcr=524
104;https://www.lemonde.fr/archives/article/2002/11/30/a-mombasa-au-paradise-hotel-comme-a-l-aeroport-un-veritable-carnage-a-ete-evite-de-justesse_4245312_1819218.html?xtmc=plastique_ocean&xtcr=120
105;https://www.lemonde.fr/archives/article/1998/08/12/l-ile-mysterieuse_3668018_1819218.html?xtmc=plastique_ocean&xtcr=398
106;https://www.lemonde.fr/archives/article/1980/04/10/vi-la-barbade-un-petit-miracle-au-vent-frais-de-l-histoire_2803591_1819218.html?xtmc=plastique_ocean&xtcr=479
107;https://www.lemonde.fr/voyage/article/2010/12/14/mont-cameroun-cendres-et-diamant_1453386_3546.html?xtmc=plastique_ocean&xtcr=383
108;https://www.lemonde.fr/impact-journalism-day/article/2014/09/22/l-ocean-nettoye-a-la-volonte_4492103_3432283.html?xtmc=plastique_ocean&xtcr=33
109;https://www.lemonde.fr/archives/article/2002/08/07/les-adresses_4259138_1819218.html?xtmc=plastique_ocean&xtcr=147
110;https://www.lemonde.fr/archives/article/1993/06/12/yemen-cafe-contre-kat_3947602_1819218.html?xtmc=plastique_ocean&xtcr=510
111;https://www.lemonde.fr/archives/article/1994/09/03/cuba-l-adieu-aux-fils_3812602_1819218.html?xtmc=plastique_ocean&xtcr=205
112;https://www.lemonde.fr/le-monde-2/article/2009/01/06/benicio-del-toro-le-jeu-de-la-mort_1136551_1004868.html?xtmc=plastique_ocean&xtcr=530
113;https://www.lemonde.fr/archives/article/1993/08/10/l-ete-festival-tristan-envoute-bayreuth-la-mise-en-scene-de-tristan-et-isolde-par-heiner-muller-triomphe-dans-la-ville-de-wagner_3942500_1819218.html?xtmc=plastique_ocean&xtcr=371
114;https://www.lemonde.fr/archives/article/2000/06/11/philippe-monnet-estime-avoir-atteint-son-everest-de-marin_3717679_1819218.html?xtmc=plastique_ocean&xtcr=405
115;https://www.lemonde.fr/international/article/2019/01/18/afrique-du-sud-terres-blanches-espoirs-noirs_5411031_3210.html?xtmc=plastique_ocean&xtcr=542
116;https://www.lemonde.fr/archives/article/1993/12/29/images-laver-le-grand-bleu_3972780_1819218.html?xtmc=plastique_ocean&xtcr=92
117;https://www.lemonde.fr/archives/article/2000/07/29/des-centaines-de-clandestins-rejoignent-les-canaries-dans-des-embarcations-de-fortune_3714243_1819218.html?xtmc=plastique_ocean&xtcr=352
118;https://www.lemonde.fr/archives/article/1998/11/18/le-suicide-des-baleines-demeure-une-enigme_3696398_1819218.html?xtmc=plastique_ocean&xtcr=376
119;https://www.lemonde.fr/archives/article/2001/03/14/fernando-savater-ou-le-courage-en-solitaire_161951_1819218.html?xtmc=plastique_ocean&xtcr=494
120;https://www.lemonde.fr/archives/article/1978/12/23/voyage-au-bout-de-l-exotisme_2984438_1819218.html?xtmc=plastique_ocean&xtcr=473
121;https://www.lemonde.fr/culture/article/2013/06/21/kanye-west-livre-un-album-taille-a-l-os_3434004_3246.html?xtmc=plastique_ocean&xtcr=291
122;https://www.lemonde.fr/archives/article/2003/03/19/la-guerre-en-irak-heure-par-heure-archives_313411_1819218.html?xtmc=plastique_ocean&xtcr=547
123;https://www.lemonde.fr/arts/article/2017/08/18/gabriele-galimberti-profession-monte-en-l-air_5173979_1655012.html?xtmc=plastique_ocean&xtcr=224
124;https://www.lemonde.fr/archives/article/2000/10/18/chronique-de-l-amerique-en-campagne_3716756_1819218.html?xtmc=plastique_ocean&xtcr=545
125;https://www.lemonde.fr/voyage/article/2006/05/01/le-perigord-noir-au-fil-de-la-vezere_1338210_3546.html?xtmc=plastique_ocean&xtcr=475
126;https://www.lemonde.fr/archives/article/1965/05/24/de-nombreux-amateurs-souhaitent-des-bateaux-plus-debonnaires-que-sportifs_2170216_1819218.html?xtmc=plastique_ocean&xtcr=166
127;https://www.lemonde.fr/archives/article/2000/12/27/coupe-de-l-america-2002-dix-defis-sont-deja-sur-les-rangs_3709198_1819218.html?xtmc=plastique_ocean&xtcr=305
128;https://www.lemonde.fr/archives/article/1974/06/28/la-reponse-de-m-roger-caillois_2540774_1819218.html?xtmc=plastique_ocean&xtcr=546
129;https://www.lemonde.fr/cop21/article/2015/10/08/le-train-du-climat-sur-les-rails_4785636_4527432.html?xtmc=plastique_ocean&xtcr=206
130;https://www.lemonde.fr/archives/article/1968/11/01/question-de-morale_2487882_1819218.html?xtmc=plastique_ocean&xtcr=349
131;https://www.lemonde.fr/archives/article/1974/10/22/les-fidji-ou-le-bonheur-des-autres-i-un-jour-londres-eut-besoin-de-sucre_3092028_1819218.html?xtmc=plastique_ocean&xtcr=496
132;https://www.lemonde.fr/archives/article/1975/01/31/le-ballet-de-l-opera-au-palais-des-sports_2600757_1819218.html?xtmc=plastique_ocean&xtcr=167
133;https://www.lemonde.fr/archives/article/1979/03/05/le-jour-ou-il-n-y-aura-personne-dans-la-glace_2768301_1819218.html?xtmc=plastique_ocean&xtcr=251
134;https://www.lemonde.fr/m-actu/article/2015/07/17/road-trip-a-la-francaise-etape-1_4686638_4497186.html?xtmc=plastique_ocean&xtcr=509
135;https://www.lemonde.fr/archives/article/2002/01/08/operation-de-la-derniere-chance-pour-sauver-les-deux-derniers-arbres-pasner-de-rodrigues_257304_1819218.html?xtmc=plastique_ocean&xtcr=125
136;https://www.lemonde.fr/archives/article/1990/12/26/savary-visite-paris-french-cancan-et-comediens-survoltes-dans-une-vie-parisienne-d-offenbach-a-geneve_4014782_1819218.html?xtmc=plastique_ocean&xtcr=139
137;https://www.lemonde.fr/afrique/article/2018/07/15/de-grand-bassam-a-bouake-sur-les-traces-des-capitales-ivoiriennes_5331708_3212.html?xtmc=plastique_ocean&xtcr=537
138;https://www.lemonde.fr/archives/article/1964/10/14/les-trois-hommes-ont-vecu-dans-la-cabine-un-peu-comme-a-bord-d-un-bateau_2133773_1819218.html?xtmc=plastique_ocean&xtcr=165
139;https://www.lemonde.fr/planete/article/2012/04/25/thilafushi-la-bombe-toxique-des-maldives_1690931_3244.html?xtmc=plastique_ocean&xtcr=76
140;https://www.lemonde.fr/japon/article/2011/10/26/les-debris-du-tsunami-du-11-mars-approchent-d-hawai_1593816_1492975.html?xtmc=plastique_ocean&xtcr=85
141;https://www.lemonde.fr/sciences/article/2018/06/10/nausicaa-dans-les-coulisses-du-grand-bleu_5312637_1650684.html?xtmc=plastique_ocean&xtcr=223
142;https://www.lemonde.fr/archives/article/1988/03/18/le-pays-de-tous-les-sens_4072324_1819218.html?xtmc=plastique_ocean&xtcr=440
143;https://www.lemonde.fr/archives/article/1992/03/04/une-vraie-mine-de-fossiles-de-primates-35-tonnes-de-sediments-du-sultanat-d-oman-passees-au-peigne-fin-une-moisson-de-plus-en-plus-riche-dans-la-paleontologie-animale-et-prehumaine_3873006_1819218.html?xtmc=plastique_ocean&xtcr=410
144;https://www.lemonde.fr/international/article/2016/12/16/au-kenya-les-refugies-pieges-de-dadaab_5050140_3210.html?xtmc=plastique_ocean&xtcr=529
145;https://www.lemonde.fr/japon/article/2013/12/17/voyage-au-coeur-de-la-centrale-de-fukushima_4335629_1492975.html?xtmc=plastique_ocean&xtcr=318
146;https://www.lemonde.fr/archives/article/2004/03/21/comores-un-candidat-interpelle-apres-le-saccage-de-quatre-bureaux-de-vote_357609_1819218.html?xtmc=plastique_ocean&xtcr=150
147;https://www.lemonde.fr/cinema/article/2011/04/05/plastic-planet-le-chant-toxique-du-styrene_1503001_3476.html?xtmc=plastique_ocean&xtcr=44
148;https://www.lemonde.fr/planete/article/2018/06/08/oceans-dix-chiffres-pour-resumer-les-enjeux-et-les-risques_5311528_3244.html?xtmc=plastique_ocean&xtcr=35
149;https://www.lemonde.fr/archives/article/1996/04/18/les-six-mesanges-de-tabarly_3731327_1819218.html?xtmc=plastique_ocean&xtcr=488
150;https://www.lemonde.fr/archives/article/1992/07/31/bernanos-et-le-roman-oui-ou-non_3895652_1819218.html?xtmc=plastique_ocean&xtcr=489
151;https://www.lemonde.fr/archives/article/2001/10/24/a-i-les-enfants-robots-souffrent-ils-du-complexe-d-338-dipe_236515_1819218.html?xtmc=plastique_ocean&xtcr=221
152;https://www.lemonde.fr/m-perso/article/2017/02/06/le-sac-en-plastique-trop-lourd-a-porter_5075377_4497916.html?xtmc=plastique_ocean&xtcr=64
153;https://www.lemonde.fr/archives/article/1989/12/24/le-spleen-des-jardiniers-de-la-mer-les-conchyliculteurs-de-marennes-oleron-craignent-l-amalgame-avec-l-etang-de-thau_4162153_1819218.html?xtmc=plastique_ocean&xtcr=444
154;https://www.lemonde.fr/archives/article/1978/06/19/lettre-de-qous-haute-egypte-une-capitale-islamique-oubliee_3128851_1819218.html?xtmc=plastique_ocean&xtcr=420
155;https://www.lemonde.fr/planete/article/2013/12/18/a-tacloban-la-vie-reprend-en-compagnie-des-cadavres_4336289_3244.html?xtmc=plastique_ocean&xtcr=229
156;https://www.lemonde.fr/le-monde-2/article/2009/01/06/benicio-del-toro-le-jeu-de-la-mort_1136551_1004868.html?xtmc=plastique_ocean&xtcr=518
157;https://www.lemonde.fr/archives/article/1989/04/06/l-enquete-les-eveques-conservateurs-en-progres-dans-le-nordeste-bresil-le-crepuscule-de-l-eglise-populaire_4106860_1819218.html?xtmc=plastique_ocean&xtcr=523
158;https://www.lemonde.fr/archives/article/1998/03/20/vie-secrete-des-bibliothecaires_3658337_1819218.html?xtmc=plastique_ocean&xtcr=374
159;https://www.lemonde.fr/festival/article/2016/07/21/la-sale-fin-de-vie-du-sac-plastique_4972737_4415198.html?xtmc=plastique_ocean&xtcr=42
160;https://www.lemonde.fr/les-decodeurs/article/2018/03/23/visualisez-la-taille-de-l-enorme-decharge-flottante-de-plastique-dans-l-ocean-pacifique_5275416_4355770.html?xtmc=plastique_ocean&xtcr=4
161;https://www.lemonde.fr/economie/article/2018/04/21/le-gouvernement-britannique-declare-la-guerre-au-plastique_5288748_3234.html?xtmc=plastique_ocean&xtcr=29
162;https://www.lemonde.fr/a-la-une/article/2013/12/21/aux-philippines-une-prison-tres-prisee_4338436_3208.html?xtmc=plastique_ocean&xtcr=319
163;https://www.lemonde.fr/archives/article/1992/12/26/l-entetement-amer-des-femmes-de-mogadiscio-dans-les-decombres-de-la-capitale-somalienne-elles-tentent-de-survivre-et-de-panser-les-mille-plaies-de-la-guerre_3933133_1819218.html?xtmc=plastique_ocean&xtcr=364
164;https://www.lemonde.fr/archives/article/1981/04/13/noblesse-oblige_2733032_1819218.html?xtmc=plastique_ocean&xtcr=162
165;https://www.lemonde.fr/afrique/article/2017/08/28/pour-lutter-contre-la-pollution-le-kenya-bannit-les-sacs-en-plastique_5177680_3212.html?xtmc=plastique_ocean&xtcr=22
166;https://www.lemonde.fr/archives/article/1985/01/14/l-rsquo-aventure-et-l-rsquo-aventurier-existent-ils-encore_2761297_1819218.html?xtmc=plastique_ocean&xtcr=435
167;https://www.lemonde.fr/archives/article/1994/09/01/les-festivals-de-venise-et-de-deauville-plaidoyer-pour-les-nouvelles-technologies-comment-font-ils_3821971_1819218.html?xtmc=plastique_ocean&xtcr=430
168;https://www.lemonde.fr/livres/article/2011/10/06/ananda-devi-figure-tutelaire-des-lettres-mauriciennes_1582883_3260.html?xtmc=plastique_ocean&xtcr=110
169;https://www.lemonde.fr/idees/article/2017/04/24/nous-sommes-entres-dans-une-epoque-ou-des-politiques-recusent-les-connaissances-scientifiques-au-nom-d-interets-divers_5116465_3232.html?xtmc=plastique_ocean&xtcr=317
170;https://www.lemonde.fr/archives/article/1992/12/26/l-entetement-amer-des-femmes-de-mogadiscio-dans-les-decombres-de-la-capitale-somalienne-elles-tentent-de-survivre-et-de-panser-les-mille-plaies-de-la-guerre_3933133_1819218.html?xtmc=plastique_ocean&xtcr=328
171;https://www.lemonde.fr/ameriques/article/2016/03/25/du-crabe-et-du-doute-dans-les-assiettes_4890274_3222.html?xtmc=plastique_ocean&xtcr=204
172;https://www.lemonde.fr/afrique/article/2018/01/18/le-commerce-des-esclaves-etait-alimente-par-les-conflits-entre-les-royaumes-du-dahomey_5243663_3212.html?xtmc=plastique_ocean&xtcr=360
173;https://www.lemonde.fr/archives/article/2000/05/24/100-exhibition-a-miami_3714598_1819218.html?xtmc=plastique_ocean&xtcr=299
174;https://www.lemonde.fr/archives/article/1968/10/18/ii-un-pretre-colombien-face-a-la-misere_2494544_1819218.html?xtmc=plastique_ocean&xtcr=493
175;https://www.lemonde.fr/archives/article/1981/06/13/un-peu-d-eire_2730125_1819218.html?xtmc=plastique_ocean&xtcr=384
176;https://www.lemonde.fr/cinema/article/2015/03/24/diversion-une-escroquerie-qui-ne-cherche-meme-pas-a-se-cacher_4599758_3476.html?xtmc=plastique_ocean&xtcr=73
177;https://www.lemonde.fr/m-perso/article/2017/07/07/le-routard-un-touriste-qui-s-ignore_5157382_4497916.html?xtmc=plastique_ocean&xtcr=429
178;https://www.lemonde.fr/archives/article/1969/11/21/la-double-promenade-de-conrad-et-de-bean_2440998_1819218.html?xtmc=plastique_ocean&xtcr=439
179;https://www.lemonde.fr/international/article/2018/12/12/ahmed-saleh-al-essi-un-profiteur-dans-la-guerre-au-yemen_5396360_3210.html?xtmc=plastique_ocean&xtcr=452
180;https://www.lemonde.fr/archives/article/1980/12/01/que-sont-devenues-les-quatre-maisons-du-fada_2806993_1819218.html?xtmc=plastique_ocean&xtcr=533
181;https://www.lemonde.fr/archives/article/1975/09/09/a-quel-prix-detroner-le-seigneur-des-cocos_2591607_1819218.html?xtmc=plastique_ocean&xtcr=164
182;https://www.lemonde.fr/planete/article/2015/06/12/a-seattle-les-kayaktivistes-contre-shell_4652541_3244.html?xtmc=plastique_ocean&xtcr=329
183;https://www.lemonde.fr/archives/article/1995/07/29/lisbonne-la-plus-belle-lumiere-d-europe_3854451_1819218.html?xtmc=plastique_ocean&xtcr=478
184;https://www.lemonde.fr/archives/article/1976/02/28/des-treteaux-dans-la-cour_2958702_1819218.html?xtmc=plastique_ocean&xtcr=265
185;https://www.lemonde.fr/idees/article/2018/06/12/l-ocean-doit-etre-place-au-c-ur-des-priorites-politiques-mondiales_5313578_3232.html?xtmc=plastique_ocean&xtcr=16
186;https://www.lemonde.fr/idees/article/2010/06/22/et-le-soleil-vint_1376837_3232.html?xtmc=plastique_ocean&xtcr=88
187;https://www.lemonde.fr/sport/article/2012/12/18/vendee-globe-le-pacifique-en-vue-le-cleac-h-repasse-devant_1807721_3242.html?xtmc=plastique_ocean&xtcr=99
188;https://www.lemonde.fr/archives/article/2004/08/25/au-soudan-les-secours-aux-deplaces-du-darfour-s-organisent-avec-difficulte_376606_1819218.html?xtmc=plastique_ocean&xtcr=185
189;https://www.lemonde.fr/sport/article/2012/12/18/vendee-globe-le-pacifique-en-vue-le-cleac-h-repasse-devant_1807721_3242.html?xtmc=plastique_ocean&xtcr=105
190;https://www.lemonde.fr/planete/article/2011/08/11/en-inde-a-goa-la-pollution-menace-le-tourisme_1558464_3244.html?xtmc=plastique_ocean&xtcr=184
191;https://www.lemonde.fr/archives/article/2003/03/19/en-pirogue-dans-le-delta-du-saloum_313494_1819218.html?xtmc=plastique_ocean&xtcr=390
192;https://www.lemonde.fr/idees/article/2018/04/21/la-plastification-du-monde-serait-irreversible_5288716_3232.html?xtmc=plastique_ocean&xtcr=38
193;https://www.lemonde.fr/vous/article/2002/07/24/eclats-noirs_285683_3238.html?xtmc=plastique_ocean&xtcr=400
194;https://www.lemonde.fr/archives/article/1996/04/18/les-six-mesanges-de-tabarly_3731327_1819218.html?xtmc=plastique_ocean&xtcr=500
195;https://www.lemonde.fr/archives/article/1992/05/20/grands-chantiers-en-sous-sol_3912561_1819218.html?xtmc=plastique_ocean&xtcr=438
196;https://www.lemonde.fr/archives/article/1979/10/04/le-labyrinthe-pollock_2791148_1819218.html?xtmc=plastique_ocean&xtcr=487
197;https://www.lemonde.fr/m-mode/article/2015/12/03/quand-la-mode-se-mouille-pour-l-environnement_4823602_4497335.html?xtmc=plastique_ocean&xtcr=60
198;https://www.lemonde.fr/archives/article/1973/06/16/l-admiral-s-cup-un-festival-americain-dans-les-eaux-britanniques_2551181_1819218.html?xtmc=plastique_ocean&xtcr=151
199;https://www.lemonde.fr/planete/article/2010/08/21/l-ocean-de-plastique-en-atlantique-ne-s-accroit-pas_1401313_3244.html?xtmc=plastique_ocean&xtcr=3
200;https://www.lemonde.fr/archives/article/1998/06/23/les-japonais-supporteurs-d-exception_3674201_1819218.html?xtmc=plastique_ocean&xtcr=250
201;https://www.lemonde.fr/archives/article/1993/09/10/le-serpent-editeur_3944752_1819218.html?xtmc=plastique_ocean&xtcr=54
202;https://www.lemonde.fr/archives/article/1979/04/09/equivalences-picturales-de-baudelaire_2766243_1819218.html?xtmc=plastique_ocean&xtcr=260
203;https://www.lemonde.fr/idees/article/2017/02/23/l-ocean-poubelle-du-globe_5083994_3232.html?xtmc=plastique_ocean&xtcr=77
204;https://www.lemonde.fr/pollution/article/2018/04/25/taux-record-de-microplastique-dans-l-ocean-arctique_5290281_1652666.html?xtmc=plastique_ocean&xtcr=116
205;https://www.lemonde.fr/planete/article/2010/08/18/en-amerique-latine-la-nina-souffle-le-froid-jusqu-en-amazonie_1400093_3244.html?xtmc=plastique_ocean&xtcr=140
206;https://www.lemonde.fr/archives/article/1996/11/27/chandrika-sous-la-menace-des-tigres_3747364_1819218.html?xtmc=plastique_ocean&xtcr=462
207;https://www.lemonde.fr/archives/article/1969/01/20/i-les-hurons-sur-le-sentier-de-la-contestation_2422494_1819218.html?xtmc=plastique_ocean&xtcr=428
208;https://www.lemonde.fr/archives/article/1959/02/20/a-travers-les-galeries_2158358_1819218.html?xtmc=plastique_ocean&xtcr=421
209;https://www.lemonde.fr/archives/article/2004/02/03/la-planete-bleue-plongee-high-tech-dans-les-tresors-de-la-vie-sous-marine_351605_1819218.html?xtmc=plastique_ocean&xtcr=93
210;https://www.lemonde.fr/archives/article/2002/08/20/le-fantome-du-baron-de-l-espee-plane-sur-le-blue-cargo_287747_1819218.html?xtmc=plastique_ocean&xtcr=325
211;https://www.lemonde.fr/idees/article/2018/09/01/les-irreversibles-contaminations-de-la-planete_5348924_3232.html?xtmc=plastique_ocean&xtcr=280
212;https://www.lemonde.fr/archives/article/2000/10/07/echecs-a-perpete_104357_1819218.html?xtmc=plastique_ocean&xtcr=480
213;https://www.lemonde.fr/archives/article/1973/06/16/l-admiral-s-cup-un-festival-americain-dans-les-eaux-britanniques_2551181_1819218.html?xtmc=plastique_ocean&xtcr=141
214;https://www.lemonde.fr/archives/article/1971/04/01/la-lecon-de-philosophie-dans-un-jardin_2462661_1819218.html?xtmc=plastique_ocean&xtcr=222
215;https://www.lemonde.fr/archives/article/1976/04/05/temoignage-j-ai-donne-mes-yeux_3125594_1819218.html?xtmc=plastique_ocean&xtcr=433
216;https://www.lemonde.fr/planete/article/2018/09/15/sous-les-dechets-la-plage-des-francais-au-secours-des-rivages-de-hongkong_5355661_3244.html?xtmc=plastique_ocean&xtcr=115
217;https://www.lemonde.fr/archives/article/1991/07/09/jeunesses-d-amerique-le-ruban-jaune_3999857_1819218.html?xtmc=plastique_ocean&xtcr=136
218;https://www.lemonde.fr/archives/article/1985/12/27/mais-ou-donc-est-passe-le-reel_2757357_1819218.html?xtmc=plastique_ocean&xtcr=316
219;https://www.lemonde.fr/a-la-une/article/2011/06/22/le-tsunami-a-accouche-d-une-mer-de-dechets_1539224_3208.html?xtmc=plastique_ocean&xtcr=100
220;https://www.lemonde.fr/m-actu/article/2013/10/18/les-apprentis-collectionneurs_3497441_4497186.html?xtmc=plastique_ocean&xtcr=486
221;https://www.lemonde.fr/archives/article/1991/01/22/les-trompe-la-mort-d-el-ahsa-moteurs-hurlants-les-jaguar-francais-foncent-sur-le-koweit_4014281_1819218.html?xtmc=plastique_ocean&xtcr=345
222;https://www.lemonde.fr/archives/article/1954/05/06/l-amour-d-une-femme_2030344_1819218.html?xtmc=plastique_ocean&xtcr=240
223;https://www.lemonde.fr/m-gastronomie/article/2018/12/26/les-restaurants-se-mettent-a-la-cuisine-ecoresponsable_5402382_4497540.html?xtmc=plastique_ocean&xtcr=216
224;https://www.lemonde.fr/archives/article/2000/12/26/coupe-de-l-america-2002-dix-defis-sont-deja-sur-les-rangs_130043_1819218.html?xtmc=plastique_ocean&xtcr=244
225;https://www.lemonde.fr/a-la-une/article/2007/01/12/les-moignons-de-mogadiscio_854783_3208.html?xtmc=plastique_ocean&xtcr=472
226;https://www.lemonde.fr/archives/article/1988/10/29/carnet-de-route_4121305_1819218.html?xtmc=plastique_ocean&xtcr=161
227;https://www.lemonde.fr/pollution/article/2018/08/11/le-nettoyage-des-plages-c-est-bon-pour-le-moral-et-pour-l-environnement_5341587_1652666.html?xtmc=plastique_ocean&xtcr=179
228;https://www.lemonde.fr/planete/article/2017/06/10/les-nations-unies-au-chevet-des-oceans_5141859_3244.html?xtmc=plastique_ocean&xtcr=66
229;https://www.lemonde.fr/voyage/article/2006/04/21/porto-eternelle-rivale-de-lisbonne_764033_3546.html?xtmc=plastique_ocean&xtcr=148
230;https://www.lemonde.fr/afrique/article/2018/01/18/le-commerce-des-esclaves-etait-alimente-par-les-conflits-entre-les-royaumes-du-dahomey_5243663_3212.html?xtmc=plastique_ocean&xtcr=378
231;https://www.lemonde.fr/archives/article/1988/11/30/une-decennie-de-l-enfance-en-egypte-les-berceaux-du-nil_4123441_1819218.html?xtmc=plastique_ocean&xtcr=458
232;https://www.lemonde.fr/afrique/article/2016/05/23/prostitution-a-marrakech-ici-c-est-vice-city_4924929_3212.html?xtmc=plastique_ocean&xtcr=414
233;https://www.lemonde.fr/archives/article/1999/05/07/le-guernica-de-picasso-inadapte-a-la-saine-mentalite-du-proletariat_3551290_1819218.html?xtmc=plastique_ocean&xtcr=87
234;https://www.lemonde.fr/archives/article/2012/07/21/nouvelle-vague-a-rockaway-carnet-d-adresses-p-p_4327497_1819218.html?xtmc=plastique_ocean&xtcr=314
235;https://www.lemonde.fr/archives/article/1962/01/17/des-emissions-americaines-de-tv-seront-recues-en-france-en-automne-par-l-intermediaire-du-centre-de-lannion-le-centre-d-etudes-des-telecommunications-construit-notre-premiere-stati_3134898_1819218.html?xtmc=plastique_ocean&xtcr=506
236;https://www.lemonde.fr/campus/article/2018/04/30/la-mer-ouvre-des-horizons-aux-lyceennes_5292477_4401467.html?xtmc=plastique_ocean&xtcr=197
237;https://www.lemonde.fr/archives/article/1999/10/13/dans-l-ancienne-place-forte-des-milices-au-timor-oriental-des-taches-rouges-sur-les-murs-du-stade_3569000_1819218.html?xtmc=plastique_ocean&xtcr=373
238;https://www.lemonde.fr/archives/article/1958/01/02/nuit-de-l-an-a-tokyo_2302722_1819218.html?xtmc=plastique_ocean&xtcr=396
239;https://www.lemonde.fr/archives/article/1980/08/13/hawai-tout-est-a-vendre_2797241_1819218.html?xtmc=plastique_ocean&xtcr=476
240;https://www.lemonde.fr/archives/article/1984/10/29/coups-de-sonar_3006998_1819218.html?xtmc=plastique_ocean&xtcr=344
241;https://www.lemonde.fr/archives/article/1947/10/29/palmares-et-fin-de-saison-des-conferences-d-atlantic-city_1889724_1819218.html?xtmc=plastique_ocean&xtcr=401
242;https://www.lemonde.fr/musiques/article/2015/12/16/le-monde-diplo_4832815_1654986.html?xtmc=plastique_ocean&xtcr=450
243;https://www.lemonde.fr/culture/article/2013/12/10/all-is-lost-une-lecon-de-stoicisme-a-bord-d-un-rafiot_3528164_3246.html?xtmc=plastique_ocean&xtcr=81
244;https://www.lemonde.fr/archives/article/1983/01/15/mer-a-l-horizon_2839748_1819218.html?xtmc=plastique_ocean&xtcr=236
245;https://www.lemonde.fr/m-perso/article/2017/08/07/un-nouveau-type-d-estivant-le-juillettiste-du-mois-d-aout_5169753_4497916.html?xtmc=plastique_ocean&xtcr=199
246;https://www.lemonde.fr/archives/article/1997/10/10/francisco-ruiz-de-infante-un-buen-chico_3780180_1819218.html?xtmc=plastique_ocean&xtcr=72
247;https://www.lemonde.fr/import/article/2005/09/21/carnet-de-route_691087_3544.html?xtmc=plastique_ocean&xtcr=155
248;https://www.lemonde.fr/archives/article/1993/09/14/la-fete-de-l-humanite-les-communistes-appellent-a-faire-echec-au-plan-balladur_3944095_1819218.html?xtmc=plastique_ocean&xtcr=372
249;https://www.lemonde.fr/planete/article/2018/12/07/la-peche-industrielle-affame-les-oiseaux-de-mer_5394078_3244.html?xtmc=plastique_ocean&xtcr=121
250;https://www.lemonde.fr/planete/article/2018/07/17/fumer-nuit-gravement-a-la-sante-des-poissons_5332789_3244.html?xtmc=plastique_ocean&xtcr=190
251;https://www.lemonde.fr/m-actu/article/2017/10/13/tom-dixon-designer-touche-a-tout_5200171_4497186.html?xtmc=plastique_ocean&xtcr=519
252;https://www.lemonde.fr/archives/article/1993/08/10/l-ete-festival-tristan-envoute-bayreuth-la-mise-en-scene-de-tristan-et-isolde-par-heiner-muller-triomphe-dans-la-ville-de-wagner_3942500_1819218.html?xtmc=plastique_ocean&xtcr=335
253;https://www.lemonde.fr/planete/article/2013/03/21/la-superficie-des-eaux-cotieres-gravement-polluees-augmente-en-chine_1851359_3244.html?xtmc=plastique_ocean&xtcr=98
254;https://www.lemonde.fr/vous/article/2009/12/26/ponyo-sur-la-falaise-d-hayao-miyazaki_1285012_3238.html?xtmc=plastique_ocean&xtcr=51
255;https://www.lemonde.fr/archives/article/1964/05/28/l-operation-message-a-la-mer-et-les-courants-de-surface-dans-l-ocean-atlantique_2137500_1819218.html?xtmc=plastique_ocean&xtcr=89
256;https://www.lemonde.fr/climat/article/2018/12/14/climat-cinq-applications-pour-vous-aider-a-agir_5397855_1652612.html?xtmc=plastique_ocean&xtcr=91
257;https://www.lemonde.fr/climat/article/2015/10/03/sur-l-ile-de-paques-les-guetteurs-de-l-ocean_4781930_1652612.html?xtmc=plastique_ocean&xtcr=381
258;https://www.lemonde.fr/archives/article/1992/09/05/a-pied-sur-la-piste-du-colorado_3896557_1819218.html?xtmc=plastique_ocean&xtcr=526
259;https://www.lemonde.fr/archives/article/2000/12/08/musique-du-monde_3715777_1819218.html?xtmc=plastique_ocean&xtcr=515
260;https://www.lemonde.fr/planete/article/2016/06/08/ne-nous-resignons-pas-a-vivre-a-l-heure-du-poubellien_4942836_3244.html?xtmc=plastique_ocean&xtcr=19
261;https://www.lemonde.fr/archives/article/1990/03/24/ephemeride_3964117_1819218.html?xtmc=plastique_ocean&xtcr=538
262;https://www.lemonde.fr/archives/article/1989/05/13/le-sentier-sous-les-tropiques_4141915_1819218.html?xtmc=plastique_ocean&xtcr=399
263;https://www.lemonde.fr/archives/article/1993/11/18/terres-d-hiver-australie-les-reveurs-du-bush_3977152_1819218.html?xtmc=plastique_ocean&xtcr=463
264;https://www.lemonde.fr/m-mode/article/2018/11/12/le-renouveau-ferragamo_5382181_4497335.html?xtmc=plastique_ocean&xtcr=375
265;https://www.lemonde.fr/archives/article/2002/07/02/heureusement-qu-on-a-le-football_4232948_1819218.html?xtmc=plastique_ocean&xtcr=294
266;https://www.lemonde.fr/livres/article/2016/11/17/le-feuilleton-demi-deuil_5032613_3260.html?xtmc=plastique_ocean&xtcr=267
267;https://www.lemonde.fr/archives/article/1976/08/30/ecouter-voir_2963754_1819218.html?xtmc=plastique_ocean&xtcr=266
268;https://www.lemonde.fr/voyage/article/2005/09/21/maurice-l-ile-arc-en-ciel_691085_3546.html?xtmc=plastique_ocean&xtcr=437
269;https://www.lemonde.fr/pollution/article/2018/06/29/goelette-scientifique-tara-journal-du-bord-numero-4-dans-l-il-du-vortex-de-dechets-du-pacifique-nord_5323132_1652666.html?xtmc=plastique_ocean&xtcr=119
270;https://www.lemonde.fr/archives/article/1993/08/28/les-iles-de-la-madeleine-vigies-du-quebec_3937403_1819218.html?xtmc=plastique_ocean&xtcr=525
271;https://www.lemonde.fr/archives/article/1998/12/27/un-nouveau-disque-et-un-livre-de-photographies-pour-juliette-greco_3686625_1819218.html?xtmc=plastique_ocean&xtcr=422
272;https://www.lemonde.fr/planete/article/2018/07/26/les-zones-marines-sauvages-ont-pratiquement-disparu_5336324_3244.html?xtmc=plastique_ocean&xtcr=211
273;https://www.lemonde.fr/planete/article/2010/09/19/il-faut-arreter-la-production-des-plastiques-dangereux_1412170_3244.html?xtmc=plastique_ocean&xtcr=6
274;https://www.lemonde.fr/archives/article/1998/03/20/vie-secrete-des-bibliothecaires_3658337_1819218.html?xtmc=plastique_ocean&xtcr=356
275;https://www.lemonde.fr/idees/article/2018/04/29/que-nous-dit-ce-cygne-dans-les-detritus_5292247_3232.html?xtmc=plastique_ocean&xtcr=292
276;https://www.lemonde.fr/archives/article/2002/07/07/l-amour-de-la-mer_4231722_1819218.html?xtmc=plastique_ocean&xtcr=195
277;https://www.lemonde.fr/planete/article/2014/06/23/l-onu-lance-sa-premiere-assemblee-pour-l-environnement_4443845_3244.html?xtmc=plastique_ocean&xtcr=49
278;https://www.lemonde.fr/archives/article/1977/04/16/presence-de-la-mort_2857618_1819218.html?xtmc=plastique_ocean&xtcr=268
279;https://www.lemonde.fr/archives/article/1998/03/20/vie-secrete-des-bibliothecaires_3658337_1819218.html?xtmc=plastique_ocean&xtcr=338
280;https://www.lemonde.fr/m-styles/article/2012/07/20/nouvelle-vague-a-rockaway_1735654_4497319.html?xtmc=plastique_ocean&xtcr=385
281;https://www.lemonde.fr/voyage/article/2009/01/08/une-reputation-usurpee_1337964_3546.html?xtmc=plastique_ocean&xtcr=445
282;https://www.lemonde.fr/musiques/article/2018/09/20/musique-dhafer-youssef-le-reve-comme-un-ressort_5357754_1654986.html?xtmc=plastique_ocean&xtcr=146
283;https://www.lemonde.fr/archives/article/1971/01/19/priorite-a-l-environnement_2458769_1819218.html?xtmc=plastique_ocean&xtcr=350
284;https://www.lemonde.fr/archives/article/1980/04/04/pour-l-amour-de-z_2803771_1819218.html?xtmc=plastique_ocean&xtcr=53
285;https://www.lemonde.fr/archives/article/1974/05/02/a-la-rochelle-deux-peterson-en-construction-pour-la-half-ton-cup_3087750_1819218.html?xtmc=plastique_ocean&xtcr=102
286;https://www.lemonde.fr/livres/article/2014/11/05/le-paradis-c-est-l-enfer-et-vice-versa_4518820_3260.html?xtmc=plastique_ocean&xtcr=442
287;https://www.lemonde.fr/archives/article/1999/01/16/l-irrationnel-au-secours-des-indonesiens_3531699_1819218.html?xtmc=plastique_ocean&xtcr=397
288;https://www.lemonde.fr/archives/article/1994/12/20/arts-mondrian-mystique-de-l-abstraction-cinquante-ans-apres-sa-mort-le-peintre-neerlandais-a-droit-a-une-premiere-grande-retrospective-a-la-haye_3842460_1819218.html?xtmc=plastique_ocean&xtcr=234
289;https://www.lemonde.fr/planete/article/2018/02/28/sea-shepherd-alerte-sur-le-sort-des-dauphins-extermines-pres-des-cotes-francaises_5263863_3244.html?xtmc=plastique_ocean&xtcr=246
290;https://www.lemonde.fr/planete/article/2018/12/28/la-nouvelle-caledonie-interdit-le-plastique-a-usage-unique_5402869_3244.html?xtmc=plastique_ocean&xtcr=10
291;https://www.lemonde.fr/archives/article/1988/10/22/renaissance-espagnole-un-entretien-avec-jorge-semprun-ministre-de-la-culture-du-gouvernement-espagnol_4089036_1819218.html?xtmc=plastique_ocean&xtcr=388
292;https://www.lemonde.fr/contaminations-long-format/article/2018/09/09/contaminations-reportages-dans-les-territoires-a-jamais-pollues-par-l-homme_5352529_5347510.html?xtmc=plastique_ocean&xtcr=176
293;https://www.lemonde.fr/archives/article/1983/04/30/tirer-des-bords-en-foret_2848809_1819218.html?xtmc=plastique_ocean&xtcr=366
294;https://www.lemonde.fr/planete/article/2018/03/22/la-decharge-de-plastique-qui-flotte-dans-le-pacifique-fait-trois-fois-la-taille-de-la-france_5275054_3244.html?xtmc=plastique_ocean&xtcr=43
295;https://www.lemonde.fr/idees/article/2017/08/12/olivier-frebourg-la-mer-pourrait-devenir-notre-utopie-l-antidote-a-la-crisequi-nous-lamine_5171718_3232.html?xtmc=plastique_ocean&xtcr=126
296;https://www.lemonde.fr/archives/article/1965/12/23/les-marees-mesurees-du-fond-de-la-mer_2193701_1819218.html?xtmc=plastique_ocean&xtcr=426
297;https://www.lemonde.fr/proche-orient/article/2011/12/28/sur-la-ligne-de-front-de-zinjibar-fief-des-djihadistes-du-yemen_1623320_3218.html?xtmc=plastique_ocean&xtcr=220
298;https://www.lemonde.fr/archives/article/1992/03/28/rendez-vous-a-solitaire-namibie_3909580_1819218.html?xtmc=plastique_ocean&xtcr=227
299;https://www.lemonde.fr/planete/article/2018/06/11/thailande-une-tortue-verte-espece-protegee-nouvelle-victime-du-plastique_5312901_3244.html?xtmc=plastique_ocean&xtcr=36
300;https://www.lemonde.fr/archives/article/1953/08/14/ii-les-guides-bleus_1966211_1819218.html?xtmc=plastique_ocean&xtcr=441
301;https://www.lemonde.fr/archives/article/1989/11/09/mozart-sellars-a-bobigny-le-repertoire-dans-les-filets-de-la-pop-culture_4134307_1819218.html?xtmc=plastique_ocean&xtcr=404
302;https://www.lemonde.fr/archives/article/1992/12/26/l-entetement-amer-des-femmes-de-mogadiscio-dans-les-decombres-de-la-capitale-somalienne-elles-tentent-de-survivre-et-de-panser-les-mille-plaies-de-la-guerre_3933133_1819218.html?xtmc=plastique_ocean&xtcr=346
303;https://www.lemonde.fr/archives/article/1983/04/30/tirer-des-bords-en-foret_2848809_1819218.html?xtmc=plastique_ocean&xtcr=348
304;https://www.lemonde.fr/m-actu/article/2013/10/18/les-apprentis-collectionneurs_3497441_4497186.html?xtmc=plastique_ocean&xtcr=498
305;https://www.lemonde.fr/archives/article/1994/05/19/enquete-algerie-la-culture-foudroyee-un-cinema-a-l-ombre-de-lui-meme_3826628_1819218.html?xtmc=plastique_ocean&xtcr=425
306;https://www.lemonde.fr/planete/article/2010/08/20/un-nouveau-continent-de-plastique-decouvert-dans-l-atlantique_1401138_3244.html?xtmc=plastique_ocean&xtcr=25
307;https://www.lemonde.fr/archives/article/1999/09/30/salvador-une-serre-urbaine-a-ciel-ouvert-pour-plantes-tropicales_3570532_1819218.html?xtmc=plastique_ocean&xtcr=289
308;https://www.lemonde.fr/planete/article/2014/12/10/269-000-tonnes-de-dechets-plastiques-flottent-sur-les-oceans_4538100_3244.html?xtmc=plastique_ocean&xtcr=40
309;https://www.lemonde.fr/archives/article/1987/07/23/d-un-chateau-l-autre_4042690_1819218.html?xtmc=plastique_ocean&xtcr=306
310;https://www.lemonde.fr/archives/article/1980/01/28/le-club-de-voile-du-pere-noel_2799043_1819218.html?xtmc=plastique_ocean&xtcr=112
311;https://www.lemonde.fr/planete/article/2015/05/26/les-thons-victimes-d-un-engin-de-peche-redoutable_4640315_3244.html?xtmc=plastique_ocean&xtcr=215
312;https://www.lemonde.fr/planete/article/2015/06/12/a-seattle-les-kayaktivistes-contre-shell_4652541_3244.html?xtmc=plastique_ocean&xtcr=365
313;https://www.lemonde.fr/planete/article/2010/08/18/en-amerique-latine-la-nina-souffle-le-froid-jusqu-en-amazonie_1400093_3244.html?xtmc=plastique_ocean&xtcr=173
314;https://www.lemonde.fr/planete/article/2019/01/16/les-espoirs-decus-du-jeune-neerlandais-qui-voulait-nettoyer-les-oceans_5409706_3244.html?xtmc=plastique_ocean&xtcr=39
315;https://www.lemonde.fr/afrique/article/2015/09/08/le-senegal-oublie-le-climat-et-se-convertit-au-charbon_4749163_3212.html?xtmc=plastique_ocean&xtcr=213
316;https://www.lemonde.fr/m-design-deco/article/2017/10/25/pour-les-reinventeurs-rien-ne-se-perd-tout-se-transforme-en-design_5205475_4497702.html?xtmc=plastique_ocean&xtcr=80
317;https://www.lemonde.fr/climat/article/2018/12/14/climat-cinq-applications-pour-vous-aider-a-agir_5397855_1652612.html?xtmc=plastique_ocean&xtcr=90
318;https://www.lemonde.fr/archives/article/1957/12/17/embarras-de-la-qualite_2338077_1819218.html?xtmc=plastique_ocean&xtcr=507
319;https://www.lemonde.fr/le-monde-2/article/2008/05/22/duong-thu-huong-inflexible-plume_1048449_1004868.html?xtmc=plastique_ocean&xtcr=522
320;https://www.lemonde.fr/archives/article/1971/01/19/priorite-a-l-environnement_2458769_1819218.html?xtmc=plastique_ocean&xtcr=368
321;https://www.lemonde.fr/planete/article/2017/05/12/sous-la-presidence-hollande-l-ecologie-en-mode-mineur_5127003_3244.html?xtmc=plastique_ocean&xtcr=394
322;https://www.lemonde.fr/archives/article/2001/10/25/les-enfants-robots-souffrent-ils-du-complexe-d-oedipe_4223696_1819218.html?xtmc=plastique_ocean&xtcr=304
323;https://www.lemonde.fr/archives/article/2005/01/11/boyzie-cekwana-les-pas-du-passe-sud-africain_393826_1819218.html?xtmc=plastique_ocean&xtcr=432
324;https://www.lemonde.fr/sciences/article/2014/07/14/le-surprenant-periple-des-tortues-marines_4456742_1650684.html?xtmc=plastique_ocean&xtcr=82
325;https://www.lemonde.fr/culture/article/2012/12/04/les-hauts-de-hurlevent-les-hurlevent-rendus-a-leur-sauvagerie_1799709_3246.html?xtmc=plastique_ocean&xtcr=171
326;https://www.lemonde.fr/archives/article/2002/11/05/les-bergers-de-l-ocean-s-attaquent-aux-dechets-marins_4248373_1819218.html?xtmc=plastique_ocean&xtcr=68
327;https://www.lemonde.fr/archives/article/2003/03/06/plus-de-10-000-m3-de-dechets-par-an-sur-les-plages-landaises_311853_1819218.html?xtmc=plastique_ocean&xtcr=149
328;https://www.lemonde.fr/archives/article/2002/06/09/paysagistes-abstraits-et-videastes-enfants-naturels-de-claude-monet_4230810_1819218.html?xtmc=plastique_ocean&xtcr=270
329;https://www.lemonde.fr/archives/article/2002/01/09/operation-de-la-derniere-chance-pour-sauver-les-deux-derniers-arbres-pasner-de-rodrigues_4221086_1819218.html?xtmc=plastique_ocean&xtcr=214
330;https://www.lemonde.fr/archives/article/2002/10/05/dolce-vita-sur-ordonnance_4257183_1819218.html?xtmc=plastique_ocean&xtcr=424
331;https://www.lemonde.fr/archives/article/1964/07/06/shell-francaise_2142424_1819218.html?xtmc=plastique_ocean&xtcr=531
332;https://www.lemonde.fr/archives/article/1968/11/01/question-de-morale_2487882_1819218.html?xtmc=plastique_ocean&xtcr=367
333;https://www.lemonde.fr/archives/article/1958/01/31/max-ernst-l-oiseleur_2304203_1819218.html?xtmc=plastique_ocean&xtcr=71
334;https://www.lemonde.fr/vous/article/2007/08/24/vacances-bling-bling-chez-les-riches-par-jean-michel-normand_947275_3238.html?xtmc=plastique_ocean&xtcr=107
335;https://www.lemonde.fr/archives/article/2001/01/07/albatros-informatises_4149663_1819218.html?xtmc=plastique_ocean&xtcr=52
336;https://www.lemonde.fr/culture/article/2014/10/10/10-raisons-de-sortir-ce-week-end_4504200_3246.html?xtmc=plastique_ocean&xtcr=403
337;https://www.lemonde.fr/archives/article/1957/09/12/une-annee-entiere-d-etudes-et-de-mise-au-point_2323977_1819218.html?xtmc=plastique_ocean&xtcr=423
338;https://www.lemonde.fr/planete/article/2007/08/03/le-canada-et-les-etats-unis-s-inquietent-des-appetits-russes-en-arctique_941746_3244.html?xtmc=plastique_ocean&xtcr=48
339;https://www.lemonde.fr/planete/article/2014/05/29/l-arsenal-legislatif-de-san-francisco-pour-arriver-au-zero-dechet_4421689_3244.html?xtmc=plastique_ocean&xtcr=78
340;https://www.lemonde.fr/archives/article/1965/04/14/victor-hugo-imagier-de-l-ombre_2182890_1819218.html?xtmc=plastique_ocean&xtcr=31
341;https://www.lemonde.fr/planete/article/2016/12/26/a-la-pointe-sud-de-l-espagne-donana-un-paradis-en-peril_5053906_3244.html?xtmc=plastique_ocean&xtcr=326
342;https://www.lemonde.fr/planete/article/2015/09/01/d-ici-a-2050-la-quasi-totalite-des-oiseaux-marins-auront-ingere-du-plastique_4741906_3244.html?xtmc=plastique_ocean&xtcr=17
343;https://www.lemonde.fr/archives/article/2000/10/07/echecs-a-perpete_104357_1819218.html?xtmc=plastique_ocean&xtcr=491
344;https://www.lemonde.fr/m-perso/article/2016/09/26/guy-delisle-je-suis-allergique-aux-slogans_5003615_4497916.html?xtmc=plastique_ocean&xtcr=276
345;https://www.lemonde.fr/archives/article/1995/03/23/atlantis-ressuscitee_3869257_1819218.html?xtmc=plastique_ocean&xtcr=209
346;https://www.lemonde.fr/archives/article/1999/10/13/dans-l-ancienne-place-forte-des-milices-au-timor-oriental-des-taches-rouges-sur-les-murs-du-stade_3569000_1819218.html?xtmc=plastique_ocean&xtcr=337
347;https://www.lemonde.fr/planete/article/2014/08/13/les-tortues-marines-grandes-navigatrices-de-l-ocean-indien_4470946_3244.html?xtmc=plastique_ocean&xtcr=163
348;https://www.lemonde.fr/archives/article/1973/12/10/les-hauts-plateaux-de-la-bolivie-au-perou-dans-la-poussiere-d-un-monde-disparu_3096976_1819218.html?xtmc=plastique_ocean&xtcr=395
349;https://www.lemonde.fr/a-la-une/article/2005/05/27/les-blessures-d-aneho-la-togolaise_654821_3208.html?xtmc=plastique_ocean&xtcr=474
350;https://www.lemonde.fr/archives/article/2001/08/10/chman-les-barjots-du-banja_213700_1819218.html?xtmc=plastique_ocean&xtcr=497
351;https://www.lemonde.fr/archives/article/2002/03/27/sous-les-murailles-d-el-jadida_268435_1819218.html?xtmc=plastique_ocean&xtcr=448
352;https://www.lemonde.fr/pollution/article/2015/05/15/a-l-assaut-des-grands-vortex-de-dechets-dans-les-oceans_4634241_1652666.html?xtmc=plastique_ocean&xtcr=113
353;https://www.lemonde.fr/archives/article/2000/10/08/echecs-a-perpete_3714949_1819218.html?xtmc=plastique_ocean&xtcr=467
354;https://www.lemonde.fr/archives/article/1994/05/29/environnement-la-fin-de-la-conference-de-puerto-vallarta-au-mexique-le-japon-essuie-un-nouveau-revers-pour-l-attribution-des-quotas-de-baleines_3831298_1819218.html?xtmc=plastique_ocean&xtcr=296
355;https://www.lemonde.fr/archives/article/1971/09/25/une-saison-au-fil-de-l-eau_2446947_1819218.html?xtmc=plastique_ocean&xtcr=189
356;https://www.lemonde.fr/cinema/article/2014/10/07/le-paradis-les-mythes-revisites-par-alain-cavalier_4501580_3476.html?xtmc=plastique_ocean&xtcr=254
357;https://www.lemonde.fr/archives/article/1969/07/07/les-vacanciers-du-bord-de-veau_2413747_1819218.html?xtmc=plastique_ocean&xtcr=238
358;https://www.lemonde.fr/archives/article/1981/06/03/de-montpellier-a-geneve-spectacles-enfants-et-merveilles_3044125_1819218.html?xtmc=plastique_ocean&xtcr=256
359;https://www.lemonde.fr/ameriques/article/2014/10/02/la-californie-bannit-les-sacs-en-plastique-de-ses-commerces_4498995_3222.html?xtmc=plastique_ocean&xtcr=47
360;https://www.lemonde.fr/planete/article/2010/08/18/en-amerique-latine-la-nina-souffle-le-froid-jusqu-en-amazonie_1400093_3244.html?xtmc=plastique_ocean&xtcr=130
361;https://www.lemonde.fr/cinema/article/2010/01/26/in-the-air-le-plus-seduisant-des-laquais-du-grand-capital_1296866_3476.html?xtmc=plastique_ocean&xtcr=281
362;https://www.lemonde.fr/archives/article/2000/08/18/la-cave_87787_1819218.html?xtmc=plastique_ocean&xtcr=540
363;https://www.lemonde.fr/m-mode/article/2018/11/12/le-renouveau-ferragamo_5382181_4497335.html?xtmc=plastique_ocean&xtcr=339
364;https://www.lemonde.fr/archives/article/1974/06/15/les-parcs-regionaux-pas-a-pas-les-veillees-ndash-decouvertes-du-haut-languedoc_3092123_1819218.html?xtmc=plastique_ocean&xtcr=416
365;https://www.lemonde.fr/a-la-une/article/2007/01/25/le-petit-poucet-de-la-grande-mode_859662_3208.html?xtmc=plastique_ocean&xtcr=468
366;https://www.lemonde.fr/archives/article/2002/08/16/la-nouvelle-de-pierre-bordage_287507_1819218.html?xtmc=plastique_ocean&xtcr=541
367;https://www.lemonde.fr/culture/article/2019/01/24/en-quatorze-albums-la-selection-bd-du-monde-des-livres_5413644_3246.html?xtmc=plastique_ocean&xtcr=466
368;https://www.lemonde.fr/international/article/2016/07/08/mare-nostrum-ses-plages-ses-plaies_4966517_3210.html?xtmc=plastique_ocean&xtcr=169
369;https://www.lemonde.fr/archives/article/2000/07/29/des-centaines-de-clandestins-rejoignent-les-canaries-dans-des-embarcations-de-fortune_3714243_1819218.html?xtmc=plastique_ocean&xtcr=334
370;https://www.lemonde.fr/idees/article/2018/07/13/alternatives-au-plastique-un-surcout-injuste_5331084_3232.html?xtmc=plastique_ocean&xtcr=20
371;https://www.lemonde.fr/archives/article/1990/12/26/savary-visite-paris-french-cancan-et-comediens-survoltes-dans-une-vie-parisienne-d-offenbach-a-geneve_4014782_1819218.html?xtmc=plastique_ocean&xtcr=129
372;https://www.lemonde.fr/archives/article/1974/04/12/bataille-d-experts-au-proces-des-boues-rouges-qui-reprend-a-livourne_2523812_1819218.html?xtmc=plastique_ocean&xtcr=101
373;https://www.lemonde.fr/archives/article/1979/10/04/le-labyrinthe-pollock_2791148_1819218.html?xtmc=plastique_ocean&xtcr=499
374;https://www.lemonde.fr/m-voyage-le-lieu/article/2016/09/13/aux-maldives-le-touriste-sauve-la-planete_4996697_4497643.html?xtmc=plastique_ocean&xtcr=118
375;https://www.lemonde.fr/cinema/article/2009/07/07/montrer-le-film-dans-un-pays-sans-salles_1216260_3476.html?xtmc=plastique_ocean&xtcr=65
376;https://www.lemonde.fr/archives/article/1962/02/22/comment-s-est-deroulee-l-operation_2351034_1819218.html?xtmc=plastique_ocean&xtcr=219
377;https://www.lemonde.fr/musiques/article/2018/09/20/musique-dhafer-youssef-le-reve-comme-un-ressort_5357754_1654986.html?xtmc=plastique_ocean&xtcr=156
378;https://www.lemonde.fr/livres/article/2017/05/04/figures-libres-a-l-aise-dans-la-poubelle_5122034_3260.html?xtmc=plastique_ocean&xtcr=152
379;https://www.lemonde.fr/archives/article/1983/08/25/l-emotion-de-la-photosynthese_2825902_1819218.html?xtmc=plastique_ocean&xtcr=370
380;https://www.lemonde.fr/planete/article/2008/03/18/voyage-dans-la-poubelle-du-pacifique_1024537_3244.html?xtmc=plastique_ocean&xtcr=7
381;https://www.lemonde.fr/archives/article/1986/09/13/safari-squales_2927971_1819218.html?xtmc=plastique_ocean&xtcr=391
382;https://www.lemonde.fr/archives/article/1999/08/05/a-la-recherche-des-secrets-du-climat-sur-le-toit-des-andes_3584602_1819218.html?xtmc=plastique_ocean&xtcr=379
383;https://www.lemonde.fr/culture/article/2012/12/04/les-hauts-de-hurlevent-les-hurlevent-rendus-a-leur-sauvagerie_1799709_3246.html?xtmc=plastique_ocean&xtcr=128
384;https://www.lemonde.fr/archives/article/2002/11/29/a-mombasa-un-veritable-carnage-a-ete-evite-de-justesse_300136_1819218.html?xtmc=plastique_ocean&xtcr=210
385;https://www.lemonde.fr/archives/article/1985/04/19/malcolm-de-chazal-le-sorcier-de-l-ile-maurice_2749231_1819218.html?xtmc=plastique_ocean&xtcr=122
386;https://www.lemonde.fr/culture/article/2014/02/18/la-grande-aventure-lego-deconstruction-des-mythes-modernes-facon-lego_4368381_3246.html?xtmc=plastique_ocean&xtcr=249
387;https://www.lemonde.fr/culture/article/2010/12/09/zineb-sedira-gardienne-d-images_1451284_3246.html?xtmc=plastique_ocean&xtcr=295
388;https://www.lemonde.fr/a-la-une/article/2005/10/20/mayotte-porte-derobee-de-l-europe_701477_3208.html?xtmc=plastique_ocean&xtcr=470
389;https://www.lemonde.fr/archives/article/1968/10/18/ii-un-pretre-colombien-face-a-la-misere_2494544_1819218.html?xtmc=plastique_ocean&xtcr=481
390;https://www.lemonde.fr/culture/article/2012/09/27/l-homme-animal-suicidaire_1766966_3246.html?xtmc=plastique_ocean&xtcr=520
391;https://www.lemonde.fr/archives/article/2002/11/14/sables-deserts-et-rivages_4245713_1819218.html?xtmc=plastique_ocean&xtcr=307
392;https://www.lemonde.fr/archives/article/1990/12/26/savary-visite-paris-french-cancan-et-comediens-survoltes-dans-une-vie-parisienne-d-offenbach-a-geneve_4014782_1819218.html?xtmc=plastique_ocean&xtcr=172
393;https://www.lemonde.fr/archives/article/1974/03/20/les-detritus-du-pacifique_2515118_1819218.html?xtmc=plastique_ocean&xtcr=55
394;https://www.lemonde.fr/m-perso/article/2016/12/19/stephane-bern-nous-vivons-une-epoque-d-inculture-decomplexee_5051289_4497916.html?xtmc=plastique_ocean&xtcr=135
395;https://www.lemonde.fr/archives/article/1992/11/21/escales-mickey-sous-la-pluie_3927692_1819218.html?xtmc=plastique_ocean&xtcr=271
396;https://www.lemonde.fr/planete/article/2010/09/19/plastique-l-ennemi-intime_1412130_3244.html?xtmc=plastique_ocean&xtcr=45
397;https://www.lemonde.fr/archives/article/1970/01/01/entretien-avec-m-philippe-harle-architecte-naval-de-la-nouvelle-jauge-a-la-competition-olympique_3119390_1819218.html?xtmc=plastique_ocean&xtcr=175
398;https://www.lemonde.fr/archives/article/1995/10/26/waterworld-le-film-le-plus-cher-de-l-histoire-du-cinema-debarque-en-france_3885175_1819218.html?xtmc=plastique_ocean&xtcr=242
399;https://www.lemonde.fr/archives/article/1993/04/21/soudan-la-grande-misere-des-deplaces-chassees-par-la-secheresse-et-la-guerre-civile-qui-ravagent-le-sud-du-pays-plus-de-huit-cent-mille-personnes-vegetent-dans-des-camps-autour-de_3916668_1819218.html?xtmc=plastique_ocean&xtcr=454
400;https://www.lemonde.fr/archives/article/1993/06/19/en-france-les-megalithes-du-bocage_3950358_1819218.html?xtmc=plastique_ocean&xtcr=457
401;https://www.lemonde.fr/afrique/article/2017/08/22/sierra-leone-apres-les-inondations-les-victimes-livrees-a-elles-memes_5175276_3212.html?xtmc=plastique_ocean&xtcr=231
402;https://www.lemonde.fr/jeux-olympiques-toute-l-actualite/article/2008/08/13/a-pekin-l-histoire-officielle-s-ecrit-au-musee_1083107_1074179.html?xtmc=plastique_ocean&xtcr=269
403;https://www.lemonde.fr/planete/article/2012/01/09/les-debris-du-tsunami-japonais-s-approchent-du-canada_1627416_3244.html?xtmc=plastique_ocean&xtcr=86
404;https://www.lemonde.fr/disparitions/article/2008/02/16/kon-ichikawa_1012223_3382.html?xtmc=plastique_ocean&xtcr=174
405;https://www.lemonde.fr/archives/article/1984/12/18/les-yankees-sont-la_3022431_1819218.html?xtmc=plastique_ocean&xtcr=94
406;https://www.lemonde.fr/archives/article/1985/03/20/15-morts-au-cours-d-emeutes-dans-les-cites-noires_2743732_1819218.html?xtmc=plastique_ocean&xtcr=57
407;https://www.lemonde.fr/a-bord-de-l-aquarius/article/2016/07/07/la-mediterranee-sur-un-canot-dix-heures-en-enfer_4965351_4961323.html?xtmc=plastique_ocean&xtcr=225
408;https://www.lemonde.fr/archives/article/2004/03/21/comores-un-candidat-interpelle-apres-le-saccage-de-quatre-bureaux-de-vote_357609_1819218.html?xtmc=plastique_ocean&xtcr=160
409;https://www.lemonde.fr/international/article/2016/12/16/au-kenya-les-refugies-pieges-de-dadaab_5050140_3210.html?xtmc=plastique_ocean&xtcr=517
410;https://www.lemonde.fr/a-la-une/article/2011/06/22/le-tsunami-a-accouche-d-une-mer-de-dechets_1539224_3208.html?xtmc=plastique_ocean&xtcr=106
411;https://www.lemonde.fr/societe/article/2003/12/01/la-villette-s-adapte-aux-handicapes_344245_3224.html?xtmc=plastique_ocean&xtcr=257
412;https://www.lemonde.fr/archives/article/1984/10/29/coups-de-sonar_3006998_1819218.html?xtmc=plastique_ocean&xtcr=362
413;https://www.lemonde.fr/planete/article/2016/04/12/pollution-marine-les-plastiques-premiers-predateurs-des-oceans-alerte-une-ong_4900305_3244.html?xtmc=plastique_ocean&xtcr=9
414;https://www.lemonde.fr/cinema/article/2007/01/16/les-climats-desamour-en-trois-mouvements_855991_3476.html?xtmc=plastique_ocean&xtcr=255
415;https://www.lemonde.fr/festival/article/2015/08/10/bal-d-imposteurs-au-pole-nord_4718932_4415198.html?xtmc=plastique_ocean&xtcr=495
416;https://www.lemonde.fr/big-browser/article/2017/09/19/pour-sauver-les-oceans-des-dechets-plastiques-devenez-citoyens-des-iles-poubelles_5187925_4832693.html?xtmc=plastique_ocean&xtcr=59
417;https://www.lemonde.fr/archives/article/2001/08/10/chman-les-barjots-du-banja_213700_1819218.html?xtmc=plastique_ocean&xtcr=485
418;https://www.lemonde.fr/archives/article/2000/03/02/sur-le-chemin-des-capitales-khmeres_3684284_1819218.html?xtmc=plastique_ocean&xtcr=333
419;https://www.lemonde.fr/archives/article/1993/09/14/la-fete-de-l-humanite-les-communistes-appellent-a-faire-echec-au-plan-balladur_3944095_1819218.html?xtmc=plastique_ocean&xtcr=336
420;https://www.lemonde.fr/archives/article/2002/08/31/la-critique-de-jean-francois-rauger_4259251_1819218.html?xtmc=plastique_ocean&xtcr=411
421;https://www.lemonde.fr/archives/article/1977/06/29/d-innombrables-questions_2868052_1819218.html?xtmc=plastique_ocean&xtcr=111
422;https://www.lemonde.fr/sport/article/2013/01/26/alessandro-di-benedetto-faire-partager-un-autre-vendee-globe_1823060_3242.html?xtmc=plastique_ocean&xtcr=114
423;https://www.lemonde.fr/archives/article/1993/08/10/l-ete-festival-tristan-envoute-bayreuth-la-mise-en-scene-de-tristan-et-isolde-par-heiner-muller-triomphe-dans-la-ville-de-wagner_3942500_1819218.html?xtmc=plastique_ocean&xtcr=353
424;https://www.lemonde.fr/archives/article/2002/10/04/dolce-vita-sur-ordonnance_292939_1819218.html?xtmc=plastique_ocean&xtcr=402
425;https://www.lemonde.fr/archives/article/1977/01/03/geographie-et-humanisme-a-propos-de-l-auvergne_2854246_1819218.html?xtmc=plastique_ocean&xtcr=505
426;https://www.lemonde.fr/archives/article/1991/01/22/les-trompe-la-mort-d-el-ahsa-moteurs-hurlants-les-jaguar-francais-foncent-sur-le-koweit_4014281_1819218.html?xtmc=plastique_ocean&xtcr=327
427;https://www.lemonde.fr/archives/article/1993/06/08/perspectives-elf-des-marecages-a-l-ocean_3945559_1819218.html?xtmc=plastique_ocean&xtcr=298
428;https://www.lemonde.fr/archives/article/1983/08/27/man-uvres-a-l-ancienne_2826136_1819218.html?xtmc=plastique_ocean&xtcr=369
429;https://www.lemonde.fr/international/article/2017/03/30/clipperton-petit-bout-de-france-delaisse-dans-l-ocean-pacifique_5103163_3210.html?xtmc=plastique_ocean&xtcr=309
430;https://www.lemonde.fr/archives/article/2000/09/14/sydney-la-magnifique_3710608_1819218.html?xtmc=plastique_ocean&xtcr=310
431;https://www.lemonde.fr/idees/article/2010/03/03/haiti-paroles-de-survivants-par-jean-pierre-langellier_1313834_3232.html?xtmc=plastique_ocean&xtcr=284
432;https://www.lemonde.fr/sciences/article/2017/11/08/peche-au-plastique-en-region-polaire_5212019_1650684.html?xtmc=plastique_ocean&xtcr=46
433;https://www.lemonde.fr/archives/article/1974/09/28/le-grand-pavois-de-la-rochelle-bourse-aux-bateaux-bourse-aux-nouvelles_3089568_1819218.html?xtmc=plastique_ocean&xtcr=248
434;https://www.lemonde.fr/archives/article/1993/09/14/la-fete-de-l-humanite-les-communistes-appellent-a-faire-echec-au-plan-balladur_3944095_1819218.html?xtmc=plastique_ocean&xtcr=354
435;https://www.lemonde.fr/archives/article/1987/04/01/victimes-de-la-politique-d-urbanisation-ordonnee-les-surplus-people-en-afrique-du-sud_4054795_1819218.html?xtmc=plastique_ocean&xtcr=419
436;https://www.lemonde.fr/international/article/2016/10/07/honduras-et-salvador-la-gangrene-des-maras_5009866_3210.html?xtmc=plastique_ocean&xtcr=532
437;https://www.lemonde.fr/archives/article/1971/04/24/le-petit-matin_2461426_1819218.html?xtmc=plastique_ocean&xtcr=154
438;https://www.lemonde.fr/archives/article/1985/04/01/la-plage_2748699_1819218.html?xtmc=plastique_ocean&xtcr=312
439;https://www.lemonde.fr/archives/article/1972/09/06/iii-un-ocean-terrestre_2387892_1819218.html?xtmc=plastique_ocean&xtcr=460
440;https://www.lemonde.fr/archives/article/1997/06/13/mirages-de-melville_3791859_1819218.html?xtmc=plastique_ocean&xtcr=198
441;https://www.lemonde.fr/planete/article/2016/10/18/cotons-tiges-bibles-et-bouteilles-plastiques-sur-les-traces-de-dechets-d-eau-douce_5015747_3244.html?xtmc=plastique_ocean&xtcr=187
442;https://www.lemonde.fr/archives/article/1974/02/08/ii-d-un-catechisme-a-l-autre_2531315_1819218.html?xtmc=plastique_ocean&xtcr=501
443;https://www.lemonde.fr/archives/article/1997/05/30/tous-touristes_3763669_1819218.html?xtmc=plastique_ocean&xtcr=359
444;https://www.lemonde.fr/archives/article/1994/11/25/supplement-10e-salon-du-livre-de-jeunesse-de-montreuil-kveta-pacovska-l-esquive-et-la-pirouette_3850399_1819218.html?xtmc=plastique_ocean&xtcr=418
445;https://www.lemonde.fr/archives/article/1983/04/30/tirer-des-bords-en-foret_2848809_1819218.html?xtmc=plastique_ocean&xtcr=330
446;https://www.lemonde.fr/planete/article/2017/07/11/haute-mer-on-ne-veut-pas-transformer-les-oceans-en-aquarium_5159178_3244.html?xtmc=plastique_ocean&xtcr=380
447;https://www.lemonde.fr/archives/article/1997/05/30/tous-touristes_3763669_1819218.html?xtmc=plastique_ocean&xtcr=377
448;https://www.lemonde.fr/archives/article/1954/05/19/monika-et-le-nouveau-cinema-suedois_2029078_1819218.html?xtmc=plastique_ocean&xtcr=436
449;https://www.lemonde.fr/planete/article/2011/10/20/au-mozambique-je-suis-fiere-aujourd-hui-que-tous-mes-enfants-aillent-a-l-ecole_1590839_3244.html?xtmc=plastique_ocean&xtcr=263
450;https://www.lemonde.fr/international/article/2016/07/08/mare-nostrum-ses-plages-ses-plaies_4966517_3210.html?xtmc=plastique_ocean&xtcr=131
451;https://www.lemonde.fr/archives/article/2003/03/11/la-memoire-de-l-eau_312472_1819218.html?xtmc=plastique_ocean&xtcr=504
452;https://www.lemonde.fr/archives/article/1995/03/23/eclats-noirs_3869258_1819218.html?xtmc=plastique_ocean&xtcr=449
453;https://www.lemonde.fr/archives/article/2002/10/25/le-joola-titanic-africain_4251863_1819218.html?xtmc=plastique_ocean&xtcr=471
454;https://www.lemonde.fr/archives/article/1964/06/20/l-operation-message-a-la-mer-a-commence_2114490_1819218.html?xtmc=plastique_ocean&xtcr=58
455;https://www.lemonde.fr/biodiversite/article/2016/07/06/la-chine-attise-le-trafic-international-de-civelles_4964554_1652692.html?xtmc=plastique_ocean&xtcr=451
456;https://www.lemonde.fr/archives/article/2002/07/12/a-avignon-toute-la-rage-de-medee-en-exhibition_4233666_1819218.html?xtmc=plastique_ocean&xtcr=283
457;https://www.lemonde.fr/afrique/article/2016/04/26/sur-la-cote-du-kenya-3-6-les-corbeaux-cette-menace-qui-vient-du-ciel_4908939_3212.html?xtmc=plastique_ocean&xtcr=361
458;https://www.lemonde.fr/archives/article/1971/01/01/m-edward-heath-vise-l-admirals-cup_2456507_1819218.html?xtmc=plastique_ocean&xtcr=288
459;https://www.lemonde.fr/archives/article/1988/02/09/mobilisation-en-bretagne-contre-la-maree-noire-la-pollution-toujours-recommencee_4063341_1819218.html?xtmc=plastique_ocean&xtcr=203
460;https://www.lemonde.fr/pixels/article/2015/12/15/haut-debit-en-eau-profonde_4832100_4408996.html?xtmc=plastique_ocean&xtcr=313
461;https://www.lemonde.fr/archives/article/2002/06/15/les-gens-du-monde_4226118_1819218.html?xtmc=plastique_ocean&xtcr=170
462;https://www.lemonde.fr/archives/article/1990/09/15/iona-dernier-repos-des-rois-d-ecosse_3984967_1819218.html?xtmc=plastique_ocean&xtcr=434
463;https://www.lemonde.fr/archives/article/1993/04/25/cites-carcassonne-la-citadelle-a-la-rescousse-de-la-ville_3917428_1819218.html?xtmc=plastique_ocean&xtcr=456
464;https://www.lemonde.fr/archives/article/1975/07/05/la-memoire-des-antiquaires_2573577_1819218.html?xtmc=plastique_ocean&xtcr=278
465;https://www.lemonde.fr/archives/article/1976/02/13/florilege-contemporain-au-musee-national-d-art-moderne_2959366_1819218.html?xtmc=plastique_ocean&xtcr=264
466;https://www.lemonde.fr/planete/article/2010/12/13/arnold-schwarzenegger-veut-bannir-les-sacs-plastique_1452682_3244.html?xtmc=plastique_ocean&xtcr=24
467;https://www.lemonde.fr/planete/article/2013/10/22/de-nouvelles-menaces-pesent-sur-la-protection-de-la-mediterranee_3500769_3244.html?xtmc=plastique_ocean&xtcr=200
468;https://www.lemonde.fr/planete/article/2014/08/08/trois-fois-plus-de-mercure-a-la-surface-des-oceans-depuis-le-debut-de-l-ere-industrielle_4469100_3244.html?xtmc=plastique_ocean&xtcr=252
469;https://www.lemonde.fr/archives/article/1994/03/26/arts-de-van-gogh-a-mondrian-au-musee-d-art-moderne-de-la-ville-de-paris-verites-de-la-peinture_3832123_1819218.html?xtmc=plastique_ocean&xtcr=406
470;https://www.lemonde.fr/voyage/article/2009/03/01/voyages-gourmands_1339344_3546.html?xtmc=plastique_ocean&xtcr=180
471;https://www.lemonde.fr/planete/article/2011/01/06/la-mediterranee-polluee-par-les-rebuts-de-plastique_1461788_3244.html?xtmc=plastique_ocean&xtcr=63
472;https://www.lemonde.fr/planete/article/2017/04/19/dans-l-arctique-aussi-les-dechets-plastiques-s-accumulent_5113687_3244.html?xtmc=plastique_ocean&xtcr=34
473;https://www.lemonde.fr/archives/article/2002/08/07/les-adresses_4259138_1819218.html?xtmc=plastique_ocean&xtcr=157
474;https://www.lemonde.fr/planete/article/2018/07/04/goelette-scientifique-tara-journal-de-bord-n-7-algues-plancton-et-spleen_5325698_3244.html?xtmc=plastique_ocean&xtcr=194
475;https://www.lemonde.fr/archives/article/1985/01/28/les-plus-legers-que-l-air-sont-de-retour_2760798_1819218.html?xtmc=plastique_ocean&xtcr=490
476;https://www.lemonde.fr/planete/article/2010/03/05/un-continent-de-dechets-plastiques-a-ete-decouvert-dans-l-atlantique-nord_1314831_3244.html?xtmc=plastique_ocean&xtcr=37
477;https://www.lemonde.fr/archives/article/1987/02/07/san-francisco-tremblez-pour-eux_4023720_1819218.html?xtmc=plastique_ocean&xtcr=464
478;https://www.lemonde.fr/archives/article/2002/07/06/l-amour-de-la-mer_283865_1819218.html?xtmc=plastique_ocean&xtcr=186
479;https://www.lemonde.fr/vous/article/2007/03/14/deux-papous-a-paris_882964_3238.html?xtmc=plastique_ocean&xtcr=512
480;https://www.lemonde.fr/archives/article/1980/07/18/montreal-salut-la-parente_2793758_1819218.html?xtmc=plastique_ocean&xtcr=536
481;https://www.lemonde.fr/m-mode/article/2018/11/12/le-renouveau-ferragamo_5382181_4497335.html?xtmc=plastique_ocean&xtcr=357
482;https://www.lemonde.fr/archives/article/1974/05/17/deux-films-pour-irriter-la-censure_2522482_1819218.html?xtmc=plastique_ocean&xtcr=308
483;https://www.lemonde.fr/ete/article/2011/07/14/comment-le-surfeur-jack-johnson-est-devenu-un-chanteur-ecolo-et-tourne-vers-l-ocean_1548739_1383719.html?xtmc=plastique_ocean&xtcr=109
484;https://www.lemonde.fr/une-abonnes/article/2004/06/02/la-sexualite-contrariee-des-manchots-bagues_367144_3207.html?xtmc=plastique_ocean&xtcr=108
485;https://www.lemonde.fr/archives/article/1999/11/26/4-une-poubelle-nommee-terre-les-experts-revent-du-zero-dechet_3594603_1819218.html?xtmc=plastique_ocean&xtcr=465
486;https://www.lemonde.fr/culture/article/2005/05/28/arts-primitifs-la-decouverte-de-douze-familles-de-masques-a-travers-le-monde-et-le-temps_655263_3246.html?xtmc=plastique_ocean&xtcr=302
487;https://www.lemonde.fr/archives/article/1976/10/06/iii-du-beurre-ou-des-canons_2947842_1819218.html?xtmc=plastique_ocean&xtcr=514
488;https://www.lemonde.fr/livres/article/2011/10/06/malcolm-de-chazal-poete-sous-tension_1582881_3260.html?xtmc=plastique_ocean&xtcr=218
489;https://www.lemonde.fr/archives/article/1999/10/19/a-suai-au-timor-oriental-des-taches-de-sang-des-restes-humains-calcines_3572593_1819218.html?xtmc=plastique_ocean&xtcr=226
490;https://www.lemonde.fr/archives/article/1980/07/24/l-austere-cantate-de-braque_2794120_1819218.html?xtmc=plastique_ocean&xtcr=386
491;https://www.lemonde.fr/archives/article/1970/07/27/pour-suivre-une-course-croisiere_2651821_1819218.html?xtmc=plastique_ocean&xtcr=286
492;https://www.lemonde.fr/archives/article/1982/02/22/les-parking-boys-du-pere-grol-au-kenya_2886833_1819218.html?xtmc=plastique_ocean&xtcr=477
493;https://www.lemonde.fr/archives/article/1956/03/19/fievre-sur-anathan-de-joseph-von-sternberg_2238172_1819218.html?xtmc=plastique_ocean&xtcr=201
494;https://www.lemonde.fr/archives/article/1994/05/06/le-chant-des-rocheuses_3831211_1819218.html?xtmc=plastique_ocean&xtcr=511
495;https://www.lemonde.fr/afrique/article/2016/04/26/sur-la-cote-du-kenya-3-6-les-corbeaux-cette-menace-qui-vient-du-ciel_4908939_3212.html?xtmc=plastique_ocean&xtcr=343
496;https://www.lemonde.fr/sciences/article/2013/04/26/l-expedition-tara-ocean-reprend-la-mer-vers-l-arctique_3167063_1650684.html?xtmc=plastique_ocean&xtcr=277
497;https://www.lemonde.fr/pollution/article/2018/05/29/bruxelles-veut-bannir-les-plastiques-jetables_5306146_1652666.html?xtmc=plastique_ocean&xtcr=32
498;https://www.lemonde.fr/contaminations-long-format/article/2018/09/08/l-ocean-pacifique-cimetiere-de-milliards-de-microplastiques_5352017_5347510.html?xtmc=plastique_ocean&xtcr=41
499;https://www.lemonde.fr/archives/article/1993/07/21/le-zaire-a-la-derive-deux-gouvernements-deux-parlements-une-monnaie-ruinee-et-toujours-le-meme-chef-d-etat_3953767_1819218.html?xtmc=plastique_ocean&xtcr=461
500;https://www.lemonde.fr/archives/article/2004/12/06/la-tortue-luth-coincee-entre-filets-de-peche-et-sacs-en-plastique_389847_1819218.html?xtmc=plastique_ocean&xtcr=208
501;https://www.lemonde.fr/voyage/article/2006/02/17/la-laponie-finlandaise-a-motoneige_742463_3546.html?xtmc=plastique_ocean&xtcr=412
502;https://www.lemonde.fr/argent/article/2018/07/20/carte-bancaire-a-l-etranger-la-bonne-strategie-pour-limiter-les-frais_5333815_1657007.html?xtmc=plastique_ocean&xtcr=168
503;https://www.lemonde.fr/planete/article/2016/04/18/ces-radeaux-de-bambou-qui-depeuplent-les-mers_4904293_3244.html?xtmc=plastique_ocean&xtcr=124
504;https://www.lemonde.fr/archives/article/2005/01/04/l-inde-entend-demontrer-sa-capacite-a-gerer-seule-la-crise-pour-tenir-son-rang-dans-la-region_392853_1819218.html?xtmc=plastique_ocean&xtcr=261
505;https://www.lemonde.fr/archives/article/1994/02/20/ile-de-france-paris-la-villette-s-adapte-aux-handicapes-sa-conception-originale-et-des-adaptations-incessantes-rendent-la-cite-des-sciences-accessible-a-tous-les-visiteurs_3797866_1819218.html?xtmc=plastique_ocean&xtcr=273
506;https://www.lemonde.fr/archives/article/1969/07/29/entretien-avec-michel-dufour-la-plaisance-doit-etre-une-industrie-exportatrice_3058778_1819218.html?xtmc=plastique_ocean&xtcr=117
507;https://www.lemonde.fr/planete/article/2018/09/14/sus-au-plastique-les-dessous-d-une-decision-vertueuse_5354818_3244.html?xtmc=plastique_ocean&xtcr=30
508;https://www.lemonde.fr/afrique/article/2011/08/13/mogadiscio-outragee_1559230_3212.html?xtmc=plastique_ocean&xtcr=153
509;https://www.lemonde.fr/archives/article/1974/03/09/a-la-recherche-des-poissons-de-legende_2513997_1819218.html?xtmc=plastique_ocean&xtcr=228
510;https://www.lemonde.fr/import/article/2005/09/21/carnet-de-route_691087_3544.html?xtmc=plastique_ocean&xtcr=145
511;https://www.lemonde.fr/archives/article/2000/12/07/annette-roux-reine-de-la-plaisance_3715731_1819218.html?xtmc=plastique_ocean&xtcr=389
512;https://www.lemonde.fr/archives/article/1972/12/01/environnement-en-dix-ans-neuf-cent-mille-messages-a-la-mer_3034468_1819218.html?xtmc=plastique_ocean&xtcr=56
513;https://www.lemonde.fr/archives/article/2002/10/24/le-joola-titanic-africain_295494_1819218.html?xtmc=plastique_ocean&xtcr=459
514;https://www.lemonde.fr/archives/article/1974/04/02/la-progression-de-la-pollution-internationale-pas-de-frontieres-pour-le-so-2_3088796_1819218.html?xtmc=plastique_ocean&xtcr=290
515;https://www.lemonde.fr/planete/article/2011/09/20/les-eaux-de-l-antarctique-sont-infestees-de-millions-de-fragments-de-plastique_1574786_3244.html?xtmc=plastique_ocean&xtcr=21
516;https://www.lemonde.fr/archives/article/2002/06/15/les-gens-du-monde_4226118_1819218.html?xtmc=plastique_ocean&xtcr=132
517;https://www.lemonde.fr/archives/article/1974/04/12/bataille-d-experts-au-proces-des-boues-rouges-qui-reprend-a-livourne_2523812_1819218.html?xtmc=plastique_ocean&xtcr=95
518;https://www.lemonde.fr/archives/article/2002/08/21/le-fantome-du-baron-de-l-espee-plane-sur-le-blue-cargo_4255080_1819218.html?xtmc=plastique_ocean&xtcr=407
519;https://www.lemonde.fr/planete/article/2017/05/05/l-ecologie-grande-absente-de-la-campagne-d-entre-deux-tours_5122573_3244.html?xtmc=plastique_ocean&xtcr=293
520;https://www.lemonde.fr/livres/article/2018/10/18/jeremy-fel-horrifie-le-kansas_5371119_3260.html?xtmc=plastique_ocean&xtcr=137
521;https://www.lemonde.fr/culture/article/2012/12/04/les-hauts-de-hurlevent-les-hurlevent-rendus-a-leur-sauvagerie_1799709_3246.html?xtmc=plastique_ocean&xtcr=138
522;https://www.lemonde.fr/culture/article/2005/05/26/babak-payami_654347_3246.html?xtmc=plastique_ocean&xtcr=28
523;https://www.lemonde.fr/archives/article/1998/11/18/le-suicide-des-baleines-demeure-une-enigme_3696398_1819218.html?xtmc=plastique_ocean&xtcr=358
524;https://www.lemonde.fr/archives/article/1973/12/27/pattani-la-legende-des-deux-bandits-separatistes-en-thailande_2559178_1819218.html?xtmc=plastique_ocean&xtcr=502
525;https://www.lemonde.fr/m-perso/article/2018/07/29/comment-a-force-d-ennui-j-ai-fini-par-toucher-le-fond-de-la-piscine_5337191_4497916.html?xtmc=plastique_ocean&xtcr=259
526;https://www.lemonde.fr/m-moyen-format/article/2015/03/12/l-homme-qui-voulait-effacer-sa-vie_4592522_4497271.html?xtmc=plastique_ocean&xtcr=285
527;https://www.lemonde.fr/archives/article/1976/05/28/iv-une-saga-pleine-de-mysteres_2943769_1819218.html?xtmc=plastique_ocean&xtcr=455
528;https://www.lemonde.fr/livres/article/2017/05/04/figures-libres-a-l-aise-dans-la-poubelle_5122034_3260.html?xtmc=plastique_ocean&xtcr=142
529;https://www.lemonde.fr/planete/article/2018/06/14/une-operation-pour-transformer-le-plastique-des-oceans-en-carburant-pour-bateau_5315015_3244.html?xtmc=plastique_ocean&xtcr=212
530;https://www.lemonde.fr/archives/article/1975/05/26/le-changement_2588268_1819218.html?xtmc=plastique_ocean&xtcr=408
531;https://www.lemonde.fr/archives/article/1994/08/31/partons-de-cuba-maintenant-immobilises-trois-jours-durant-par-le-mauvais-temps-les-balseros-cubains-se-lancent-a-nouveau-a-la-mer_3821329_1819218.html?xtmc=plastique_ocean&xtcr=275
532;https://www.lemonde.fr/archives/article/2003/03/06/plus-de-10-000-m3-de-dechets-par-an-sur-les-plages-landaises_311853_1819218.html?xtmc=plastique_ocean&xtcr=159
533;https://www.lemonde.fr/archives/article/1980/12/01/que-sont-devenues-les-quatre-maisons-du-fada_2806993_1819218.html?xtmc=plastique_ocean&xtcr=521
534;https://www.lemonde.fr/planete/article/2013/03/21/la-superficie-des-eaux-cotieres-gravement-polluees-augmente-en-chine_1851359_3244.html?xtmc=plastique_ocean&xtcr=104
535;https://www.lemonde.fr/festival/article/2015/08/10/bal-d-imposteurs-au-pole-nord_4718932_4415198.html?xtmc=plastique_ocean&xtcr=483
536;https://www.lemonde.fr/archives/article/1994/07/19/la-guerre-civile-rwandaise-aux-portes-du-zaire-des-dizaines-de-personnes-ont-ete-tuees-a-goma-pietinees-par-la-foule-ou-victimes-de-tirs-de-mortiers_3816410_1819218.html?xtmc=plastique_ocean&xtcr=417
537;https://www.lemonde.fr/culture/article/2013/11/22/lia-rodrigues-fait-claquer-les-corps-et-le-plastique_3518546_3246.html?xtmc=plastique_ocean&xtcr=191
538;https://www.lemonde.fr/archives/article/1990/01/13/carnet-de-rail_3968948_1819218.html?xtmc=plastique_ocean&xtcr=528
539;https://www.lemonde.fr/disparitions/article/2010/05/31/prendre-des-images-pour-bien-regarder-le-monde_1365546_3382.html?xtmc=plastique_ocean&xtcr=202
540;https://www.lemonde.fr/m-styles/article/2017/08/16/canggu-l-ile-de-reve-pour-publicitaires-en-manque_5172928_4497319.html?xtmc=plastique_ocean&xtcr=70
