;0;1
0;http://www.journaldelenvironnement.net/article/des-multinationales-s-allient-contre-les-dechets-plastiques,95698;2019/01/16
1;http://www.journaldelenvironnement.net/article/la-nouvelle-caledonie-interdit-les-plastiques-jetables,95461;2019/02/01
2;http://www.journaldelenvironnement.net/article/l-union-europeenne-adopte-la-directive-sur-les-plastiques-jetables,95368;2018/12/19
3;http://www.journaldelenvironnement.net/article/londres-veut-penaliser-les-plastiques-difficiles-a-recycler,95326;2018/12/18
4;http://www.journaldelenvironnement.net/article/oceans-le-barrage-flottant-n-arrete-pas-les-plastiques,95386;2018/12/20
5;http://www.journaldelenvironnement.net/article/quel-avenir-pour-les-plastiques-bio-sources,95110;2018/06/12
6;http://www.journaldelenvironnement.net/article/plastiques-l-extension-des-consignes-de-tri-gagne-du-terrain,94552;2018/10/31
7;http://www.journaldelenvironnement.net/article/les-eurodeputes-interdisent-deux-plastiques-supplementaires,94408;2018/10/24
8;http://www.journaldelenvironnement.net/article/publication-de-la-loi-egalim-moins-de-plastiques-et-de-produits-phytosanitaires,94711;2018/12/11
9;http://www.journaldelenvironnement.net/article/plastiques-a-usage-unique-la-liste-s-allonge-au-parlement-europeen,94141;2018/11/10
10;http://www.journaldelenvironnement.net/article/les-deputes-mettent-la-fin-des-plastiques-jetables-a-leur-sauce,93694;2018/09/19
11;http://www.journaldelenvironnement.net/article/extraire-les-plastiques-flottants-une-goutte-d-eau-dans-l-ocean,93520;2018/10/09
12;http://www.journaldelenvironnement.net/article/pepsi-utilisera-50-de-plastique-recycle-en-france-en-2025,93523;2018/10/09
13;http://www.journaldelenvironnement.net/article/recyclage-un-coup-de-pouce-pour-les-emballages-plastique-et-les-cartouches-d-encre,93277;2018/08/27
14;http://www.journaldelenvironnement.net/article/lutte-contre-le-plastique-jetable-que-peuvent-faire-les-collectivites,93031;2018/07/26
15;http://www.journaldelenvironnement.net/article/dechets-plastique-et-en-plus-ils-renforcent-l-effet-de-serre,93187;2018/02/08
16;http://www.journaldelenvironnement.net/article/plastiques-face-aux-critiques-l-industrie-fait-la-sourde-oreille,92281;2018/06/19
17;http://www.journaldelenvironnement.net/article/les-villes-zero-plastique-essaiment-au-royaume-uni,92887;2018/07/19
18;http://www.journaldelenvironnement.net/article/plastique-recycle-incorpore-certains-industriels-doublent-la-mise,92521;2018/02/07
19;http://www.journaldelenvironnement.net/article/plastiques-deux-nouvelles-resines-a-l-epreuve-du-recyclage,92488;2018/06/28
20;http://www.journaldelenvironnement.net/article/carrefour-s-engage-contre-les-plastiques-jetables,91969;2018/01/06
21;http://www.journaldelenvironnement.net/article/la-mediterranee-est-asphyxiee-aux-dechets-plastique,92098;2018/08/06
22;http://www.journaldelenvironnement.net/article/vous-preferez-les-moules-avec-ou-sans-plastique,92125;2018/11/06
23;http://www.journaldelenvironnement.net/article/plastique-une-dizaine-de-produits-jetables-dans-le-collimateur-de-bruxelles,91873;2018/05/28
24;http://www.journaldelenvironnement.net/article/monaco-interdit-les-pailles-en-plastique,92140;2018/11/06
25;http://www.journaldelenvironnement.net/article/un-pacte-britannique-sur-la-reduction-des-plastiques,91501;2018/04/26
26;http://www.journaldelenvironnement.net/article/le-carbone-et-les-plastiques-pourraient-financer-le-budget-europeen,91561;2018/02/05
27;http://www.journaldelenvironnement.net/article/plastiques-marins-le-monstre-du-pacifique-grossit-a-vue-d-il,91033;2018/03/22
28;http://www.journaldelenvironnement.net/article/un-plastique-recyclable-a-l-infini,91540;2018/04/30
29;http://www.journaldelenvironnement.net/article/bruxelles-s-attaque-aux-objets-en-plastique-jetables,91552;2018/02/05
30;http://www.journaldelenvironnement.net/article/plastique-un-laboratoire-cree-par-hasard-une-enzyme-gloutonne,91360;2018/04/17
31;http://www.journaldelenvironnement.net/article/la-commission-europeenne-s-attaque-aux-plastiques,89668;2018/01/16
32;http://www.journaldelenvironnement.net/article/dechets-plastiques-adoption-d-une-strategie-par-la-commission-europeenne,89746;2018/01/18
33;http://www.journaldelenvironnement.net/article/recyclage-des-plastiques-la-france-fait-de-la-resistance,89521;2018/11/01
34;http://www.journaldelenvironnement.net/article/90-des-bouteilles-d-eau-contiennent-du-plastique,90919;2018/03/15
35;http://www.journaldelenvironnement.net/article/les-recifs-coralliens-malades-des-plastiques,90070;2018/01/26
36;http://www.journaldelenvironnement.net/article/bruxelles-invente-la-taxe-sur-les-plastiques-post-brexit,89497;2018/10/01
37;http://www.journaldelenvironnement.net/article/un-distributeur-neerlandais-invente-le-rayon-sans-plastique,90760;2018/05/03
38;http://www.journaldelenvironnement.net/article/le-recyclage-des-emballages-plastique-surestime-au-royaume-uni,90784;2018/06/03
39;http://www.journaldelenvironnement.net/article/dans-l-atlantique-du-nord-ouest-3-poissons-sur-4-ont-ingere-du-plastique,90589;2018/02/19
40;http://www.journaldelenvironnement.net/article/100-de-plastiques-recycles-la-route-sera-longue,88840;2017/12/13
41;http://www.journaldelenvironnement.net/article/cov-liberes-lors-de-la-degradation-thermique-des-plastiques-nouvelle-base-de-donnees-l-inrs,89020;2017/12/20
42;http://www.journaldelenvironnement.net/article/les-silences-et-les-bemols-de-la-strategie-plastique,89725;2018/01/17
43;http://www.journaldelenvironnement.net/article/brome-dans-les-plastiques-des-deee-recommandations-de-l-ineris,88651;2017/07/12
44;http://www.journaldelenvironnement.net/article/des-fontaines-d-eau-contre-les-dechets-plastique,90031;2018/01/25
45;http://www.journaldelenvironnement.net/article/l-ecosse-va-interdire-les-cotons-tiges-en-plastique,89563;2018/12/01
46;http://www.journaldelenvironnement.net/article/apres-veolia-suez-amplifie-le-recyclage-des-plastiques,87922;2017/11/14
47;http://www.journaldelenvironnement.net/article/recyclage-des-plastiques-carbios-signe-avec-l-oreal,87451;2017/10/30
48;http://www.journaldelenvironnement.net/article/interdiction-de-distribution-gratuite-de-sacs-en-plastique-legers-rappel-de-l-echeance,88207;2017/11/23
49;http://www.journaldelenvironnement.net/article/boston-dit-bye-bye-aux-sacs-plastique,88474;2017/01/12
50;http://www.journaldelenvironnement.net/article/vaisselle-jetable-bordeaux-lance-le-debat-de-l-apres-plastique,86416;2017/09/26
51;http://www.journaldelenvironnement.net/article/economie-circulaire-la-feuille-de-route-cible-la-decharge-et-le-plastique,87322;2017/10/24
52;http://www.journaldelenvironnement.net/article/du-plastique-cache-dans-l-eau-du-robinet,85864;2017/06/09
53;http://www.journaldelenvironnement.net/article/plastique-finis-les-coton-tiges-et-les-exfoliants-au-plastique,75711;2016/10/17
54;http://www.journaldelenvironnement.net/article/l-odeur-des-dechets-plastique-marins-attire-les-poissons,85486;2017/08/22
55;http://www.journaldelenvironnement.net/article/le-kenya-sanctionne-lourdement-l-usage-des-sacs-plastique,85630;2017/08/29
56;http://www.journaldelenvironnement.net/article/le-plastique-est-partout-le-recyclage-quasiment-nulle-part,84823;2017/07/20
57;http://www.journaldelenvironnement.net/article/oceans-les-trois-quarts-des-plastiques-rejetes-par-20-fleuves,83548;2017/12/06
58;http://www.journaldelenvironnement.net/article/sacs-plastiques-legers-vers-une-definition-des-specifications-d-etiquetage-et-etude-sur-les-incidences-de-l-utilisation-de-sacs-en-plastique-oxodegradables,71610;2016/06/17
59;http://www.journaldelenvironnement.net/article/concentrations-en-brome-dans-les-plastiques-des-deee-rapport-de-l-ineris,81612;2017/04/14
60;http://www.journaldelenvironnement.net/article/dechets-haro-sur-les-sacs-en-plastique,82715;2017/05/15
61;http://www.journaldelenvironnement.net/article/premiere-cartographie-de-la-pollution-plastique-des-oceans,81606;2017/04/13
62;http://www.journaldelenvironnement.net/article/mise-en-uvre-de-l-interdiction-de-mise-sur-le-marche-des-produits-cosmetiques-et-des-cotons-tiges-contenant-du-plastique,80298;2017/09/03
63;http://www.journaldelenvironnement.net/article/micro-plastiques-plus-de-800-especes-marines-en-danger,77370;2016/12/13
64;http://www.journaldelenvironnement.net/article/madrid-veut-taxer-les-sacs-en-plastique,79650;2017/02/17
65;http://www.journaldelenvironnement.net/article/la-tunisie-dit-adieu-aux-sacs-en-plastique,80115;2017/02/03
66;http://www.journaldelenvironnement.net/article/yoyo-veut-reveiller-le-trieur-de-plastique-qui-sommeille-en-nous,79164;2017/06/02
67;http://www.journaldelenvironnement.net/article/les-oiseaux-de-mer-attires-par-l-odeur-des-micro-plastiques,76527;2016/10/11
68;http://www.journaldelenvironnement.net/article/unilever-promet-une-deuxieme-vie-aux-emballages-plastique,78180;2017/01/17
69;http://www.journaldelenvironnement.net/article/les-sacs-en-plastique-interdits-a-new-delhi,79209;2017/07/02
70;http://www.journaldelenvironnement.net/article/l-agglomeration-rouennaise-trie-tous-les-plastiques,75795;2016/10/18
71;http://www.journaldelenvironnement.net/article/sus-au-plastique-dans-les-cantines-strasbourgeoises,76029;2016/10/25
72;http://www.journaldelenvironnement.net/article/la-nouvelle-faune-de-nos-rivieres-est-en-plastique,75825;2016/10/19
73;http://www.journaldelenvironnement.net/article/interdiction-des-demaquillants-et-cotons-tiges-contenant-du-plastique-ouverture-d-une-consultation-publique,75771;2016/10/18
74;http://www.journaldelenvironnement.net/article/90-ong-imaginent-un-monde-sans-plastique,74559;2016/09/14
75;http://www.journaldelenvironnement.net/article/la-vaisselle-jetable-en-plastique-disparaitra-en-2020,74091;2016/08/31
76;http://www.journaldelenvironnement.net/article/londres-interdit-les-microbilles-en-plastique-des-cosmetiques,74241;2016/05/09
77;http://www.journaldelenvironnement.net/article/les-deputes-britanniques-veulent-supprimer-les-microbilles-en-plastique,73860;2016/08/24
78;http://www.journaldelenvironnement.net/article/interdiction-de-la-vaisselle-en-plastique-precisions-reglementaires,74124;2016/01/09
79;http://www.journaldelenvironnement.net/article/une-ong-veut-supprimer-le-dehp-du-plastique-recycle,73755;2016/08/22
80;http://www.journaldelenvironnement.net/article/fin-des-gobelets-verres-et-assiettes-jetables-en-matiere-plastique-projet-de-decret-en-cours-de-consultation,73452;2016/04/08
81;http://www.journaldelenvironnement.net/article/le-maroc-bannit-les-sacs-en-plastique,73320;2016/07/28
82;http://www.journaldelenvironnement.net/article/conditions-d-application-de-l-interdiction-de-mise-a-disposition-des-sacs-plastiques,69180;2016/06/04
83;http://www.journaldelenvironnement.net/article/orplast-pour-favoriser-l-utilisation-des-plastiques-recycles,66744;2016/03/02
84;http://www.journaldelenvironnement.net/article/conditions-d-application-de-limitation-de-mise-a-disposition-des-sacs-plastiques,68880;2016/01/04
85;http://www.journaldelenvironnement.net/article/plastiques-en-mer-la-sante-des-huitres-s-en-ressent,66678;2016/02/02
86;http://www.journaldelenvironnement.net/article/continents-de-plastique-par-ici-la-sortie,70368;2016/05/17
87;http://www.journaldelenvironnement.net/article/les-benefices-caches-de-la-fin-des-sacs-plastique,68853;2016/03/31
88;http://www.journaldelenvironnement.net/article/pekin-ferme-ses-frontieres-a-une-nouvelle-serie-de-dechets,94849;2018/11/19
89;http://www.journaldelenvironnement.net/article/microbilles-de-plastique-le-royaume-uni-evoque-leur-interdiction,70152;2016/09/05
90;http://www.journaldelenvironnement.net/article/plastiques-en-mer-mieux-vaut-agir-pres-des-cotes,66252;2016/01/20
91;http://www.journaldelenvironnement.net/article/microplastiques-vers-une-interdiction-partielle-de-l-ue-en-2020,95770;2019/01/21
92;http://www.journaldelenvironnement.net/article/une-bacterie-qui-mange-le-plastique,68199;2016/03/14
93;http://www.journaldelenvironnement.net/article/l-interdiction-des-sacs-plastique-a-usage-unique-en-france-repoussee-au-1er-juillet-2016,66711;2016/03/02
94;http://www.journaldelenvironnement.net/article/recyclage-des-plastiques-contenant-l-additif-dehp-desaccord-du-parlement-europeen,64470;2015/11/27
95;http://www.journaldelenvironnement.net/article/phtalates-les-eurodeputes-contre-le-recyclage-des-plastiques-au-dehp,64377;2015/11/25
96;http://www.journaldelenvironnement.net/article/la-restauration-rapide-sommee-de-trier-ses-dechets,94294;2018/10/18
97;http://www.journaldelenvironnement.net/article/interdiction-des-sacs-plastique-en-france-la-publication-du-decret-en-mars-prochain-ne-rend-pas-inapplicable-l-interdiction-existante-depuis-le-1er-janvier-2016,66672;2016/02/02
98;http://www.journaldelenvironnement.net/article/bientot-un-outil-pour-integrer-le-plastique-recycle-des-la-conception,65349;2015/12/18
99;http://www.journaldelenvironnement.net/article/l-ecosse-s-est-debarrassee-de-ses-sacs-en-plastique,63255;2015/10/23
100;http://www.journaldelenvironnement.net/article/nanoplastiques-a-la-mer,88906;2017/12/15
101;http://www.journaldelenvironnement.net/article/la-californie-va-interdire-les-microbilles-en-plastique,62862;2015/12/10
102;http://www.journaldelenvironnement.net/article/sacs-en-plastique-les-anglais-passent-a-la-caisse,62439;2015/09/30
103;http://www.journaldelenvironnement.net/article/en-2050-tous-les-oiseaux-marins-mangeront-du-plastique,61614;2015/01/09
104;http://www.journaldelenvironnement.net/article/oceans-recherchent-investisseurs,93463;2018/05/09
105;http://www.journaldelenvironnement.net/article/la-norvege-refuse-d-abandonner-les-sacs-en-plastique,62703;2015/07/10
106;http://www.journaldelenvironnement.net/article/plastique-des-experts-demandent-l-interdiction-des-microbilles,62172;2015/09/21
107;http://www.journaldelenvironnement.net/article/des-microplastiques-aux-confins-de-l-antarctique,92062;2018/07/06
108;http://www.journaldelenvironnement.net/article/sacs-plastiques-adoption-d-une-resolution-visant-la-reduction-du-gaspillage,58231;2015/04/30
109;http://www.journaldelenvironnement.net/article/dechets-plastiques-marins-le-phenomene-s-emballe,55501;2015/02/13
110;http://www.journaldelenvironnement.net/article/adidas-va-recycler-des-debris-plastiques-des-oceans,57868;2015/04/21
111;http://www.journaldelenvironnement.net/article/thon-et-espadon-a-la-sauce-plastique,60813;2015/07/27
112;http://www.journaldelenvironnement.net/article/les-cotes-grecques-pantheon-des-dechets-plastiques,55252;2015/06/02
113;http://www.journaldelenvironnement.net/article/l-industrie-du-plastique-s-insurge-contre-la-fin-de-la-vaisselle-jetable,58096;2015/04/27
114;http://www.journaldelenvironnement.net/article/dechets-plastique-une-synthese-des-impacts-est-necessaire,57958;2015/04/23
115;http://www.journaldelenvironnement.net/article/eco-emballages-veut-doubler-le-recyclage-des-plastiques-en-2030,52642;2014/11/24
116;http://www.journaldelenvironnement.net/article/adoption-de-la-directive-visant-a-reduire-la-consommation-de-sacs-en-plastique-legers,58411;2015/07/05
117;http://www.journaldelenvironnement.net/article/dechets-la-chine-redessine-le-paysage-francais,89884;2018/01/22
118;http://www.journaldelenvironnement.net/article/nouvelles-conditions-et-procedures-d-importation-d-ustensiles-de-cuisine-en-matiere-plastique-polyamide-et-melamine-originaires-ou-en-provenance-de-chine-et-de-hong-kong,57061;2015/03/26
119;http://www.journaldelenvironnement.net/article/reduction-de-l-utilisation-des-sacs-en-plastique-position-du-conseil-de-l-ue-en-1ere-lecture,56626;2015/03/16
120;http://www.journaldelenvironnement.net/article/du-plastique-dans-l-estomac-des-coraux,55837;2015/02/24
121;http://www.journaldelenvironnement.net/article/les-micro-plastiques-affectent-aussi-les-organismes-d-eau-douce,51400;2014/10/21
122;http://www.journaldelenvironnement.net/article/dechets-de-cigarettes-vers-la-creation-d-une-filiere-rep-en-2019,94123;2018/11/10
123;http://www.journaldelenvironnement.net/article/tgap-sacs-plastiques-le-decret-d-application-en-cours-de-preparation,50514;2014/09/30
124;http://www.journaldelenvironnement.net/article/des-micro-plastiques-les-poissons-en-ont-plein-les-branchies,48493;2014/07/23
125;http://www.journaldelenvironnement.net/article/ue-les-ministres-ciblent-les-navires-les-sacs-en-plastique-et-les-chaudieres,53579;2014/12/17
126;http://www.journaldelenvironnement.net/article/5-000-milliards-de-debris-plastique-sur-les-oceans,53356;2014/11/12
127;http://www.journaldelenvironnement.net/article/plastiques-vegetaux-et-plastiques-biodegradables-preconisations-de-l-ademe,29056;2012/05/17
128;http://www.journaldelenvironnement.net/article/plastiques-la-pollution-marine-coute-au-moins-10-md,47376;2014/06/23
129;http://www.journaldelenvironnement.net/article/vehicules-par-les-insectes-les-microplastiques-contaminent-aussi-l-air,93700;2018/09/20
130;http://www.journaldelenvironnement.net/article/micro-plastiques-une-pollution-generalisee-a-la-surface-des-oceans,47764;2014/01/07
131;http://www.journaldelenvironnement.net/article/le-royaume-uni-avocat-des-sacs-en-plastique,52213;2014/11/13
132;http://www.journaldelenvironnement.net/article/accord-europeen-sur-la-disparition-des-sacs-en-plastique-legers,52606;2014/11/21
133;http://www.journaldelenvironnement.net/article/exclusion-des-boues-d-epuration-de-la-sortie-du-statut-de-dechet-precisions-du-ministere-de-l-agriculture,96061;2019/08/02
134;http://www.journaldelenvironnement.net/article/en-fondant-la-banquise-pourrait-liberer-des-plastiques,46411;2014/05/23
135;http://www.journaldelenvironnement.net/article/du-plastique-dans-la-biere,49785;2014/10/09
136;http://www.journaldelenvironnement.net/article/hidalgo-veut-anticiper-l-interdiction-des-sacs-en-plastique,50628;2014/01/10
137;http://www.journaldelenvironnement.net/article/les-lentilles-de-contact-aussi-polluent-les-oceans,93340;2018/08/29
138;http://www.journaldelenvironnement.net/article/les-sacs-en-plastique-desertent-la-californie,49499;2014/01/09
139;http://www.journaldelenvironnement.net/article/le-gouverneur-de-californie-supprime-les-sacs-en-plastique,49679;2014/05/09
140;http://www.journaldelenvironnement.net/article/reduction-de-l-utilisation-des-sacs-en-plastique-avis-du-cese-sur-la-proposition-de-directive,48067;2014/10/07
141;http://www.journaldelenvironnement.net/article/un-nouveau-contrat-de-filiere-dedie-a-la-valorisation-des-dechets,95761;2019/01/21
142;http://www.journaldelenvironnement.net/article/publication-de-lignes-directrices-concernant-les-materiaux-et-objets-en-matiere-plastique,47274;2014/06/19
143;http://www.journaldelenvironnement.net/article/plastiques-biodegradables-publication-d-une-fiche-technique-de-l-ademe,42070;2014/01/23
144;http://www.journaldelenvironnement.net/article/vers-une-reglementation-europeenne-specifique-aux-dechets-plastiques,41776;2014/01/16
145;http://www.journaldelenvironnement.net/article/sacs-plastique-segolene-royal-communique-plus-vite-que-son-ombre,47601;2014/06/26
146;http://www.journaldelenvironnement.net/article/produits-de-soins-l-illinois-vote-la-fin-des-microbilles-de-plastique,46918;2014/10/06
147;http://www.journaldelenvironnement.net/article/les-eaux-australiennes-aussi-sont-saturees-de-plastiques,39850;2013/11/28
148;http://www.journaldelenvironnement.net/article/ecover-utilise-du-plastique-issu-du-nettoyage-des-mers,46008;2014/05/13
149;http://www.journaldelenvironnement.net/article/le-parlement-europeen-acte-la-disparition-des-sacs-en-plastique,45171;2014/04/16
150;http://www.journaldelenvironnement.net/article/les-dechets-plastique-aussi-nombreux-dans-les-grands-fonds-marins,45679;2014/05/05
151;http://www.journaldelenvironnement.net/article/sacs-plastique-interdictions-et-taxes-se-multiplient-aux-etats-unis,45414;2014/04/23
152;http://www.journaldelenvironnement.net/article/le-parlement-europeen-s-attaque-a-tous-les-dechets-plastique,41608;2014/01/14
153;http://www.journaldelenvironnement.net/article/les-nations-unies-volent-au-secours-des-oceans,83401;2017/06/06
154;http://www.journaldelenvironnement.net/article/reduction-de-l-utilisation-des-sacs-en-plastique-adoption-d-un-projet-de-directive-par-le-parlement-europeen,45291;2014/04/18
155;http://www.journaldelenvironnement.net/article/les-villes-et-regions-europeennes-reclament-la-fin-des-sacs-en-plastique,44905;2014/08/04
156;http://www.journaldelenvironnement.net/article/san-francisco-veut-limiter-les-bouteilles-d-eau-en-plastique,43652;2014/06/03
157;http://www.journaldelenvironnement.net/article/le-lac-de-garde-macropollue-par-les-plastiques,37480;2013/08/10
158;http://www.journaldelenvironnement.net/article/les-bioplastiques-une-fausse-bonne-solution,70659;2016/05/24
159;http://www.journaldelenvironnement.net/article/modification-de-la-liste-communautaire-des-substances-autorisees-pour-la-fabrication-de-materiaux-et-d-objets-en-matiere-plastique,44219;2014/03/21
160;http://www.journaldelenvironnement.net/article/en-mediterranee-deux-tiers-des-oiseaux-pelagiques-ingerent-du-plastique,43454;2014/02/28
161;http://www.journaldelenvironnement.net/article/restriction-a-l-utilisation-de-pigments-de-cadmium-dans-des-matieres-plastiques-annulation-par-le-tue,41008;2013/12/24
162;http://www.journaldelenvironnement.net/article/vers-une-reduction-de-80-de-l-utilisation-des-sacs-plastique-en-europe,43835;2014/11/03
163;http://www.journaldelenvironnement.net/article/livre-vert-sur-une-strategie-europeenne-en-matiere-de-dechets-plastiques-avis-du-cese,39562;2013/11/22
164;http://www.journaldelenvironnement.net/article/plastiques-l-extension-des-consignes-de-tri-fait-un-flop,36460;2013/09/13
165;http://www.journaldelenvironnement.net/article/la-chine-interdit-l-importation-de-nombreux-dechets,84961;2017/07/25
166;http://www.journaldelenvironnement.net/article/un-rapport-du-parlement-europeen-propose-de-reduire-de-80-l-usage-des-sacs-plastique,41389;2014/08/01
167;http://www.journaldelenvironnement.net/article/zero-plastique-en-decharge-en-2020,39991;2013/02/12
168;http://www.journaldelenvironnement.net/article/microplastiques-le-royaume-uni-alimente-l-ocean-arctique,72324;2016/05/07
169;http://www.journaldelenvironnement.net/article/la-future-taxe-anglaise-sur-les-sacs-plastique-vivement-critiquee,42580;2014/06/02
170;http://www.journaldelenvironnement.net/article/la-tamise-elle-aussi-charrie-des-dechets-plastique,41221;2014/02/01
171;http://www.journaldelenvironnement.net/article/alerte-aux-plaques-de-dechets-dans-le-pacifique-sud,84664;2017/07/17
172;http://www.journaldelenvironnement.net/article/l-interdiction-des-sacs-plastique-validee-en-californie,41509;2014/09/01
173;http://www.journaldelenvironnement.net/article/du-remous-dans-les-sacs-plastique,41506;2014/09/01
174;http://www.journaldelenvironnement.net/article/la-sortie-du-statut-de-dechets-elargie-a-de-nombreux-objets-usages,95431;2018/12/21
175;http://www.journaldelenvironnement.net/article/vers-une-reduction-de-consommation-des-sacs-en-plastique-legers,40903;2013/12/20
176;http://www.journaldelenvironnement.net/article/bruxelles-sort-les-dechets-plastiques-de-l-eau,33518;2013/08/03
177;http://www.journaldelenvironnement.net/article/ue-la-fin-des-sacs-plastique-au-bon-vouloir-des-etats-membres,38690;2013/04/11
178;http://www.journaldelenvironnement.net/article/reduction-de-l-utilisation-des-sacs-en-plastique-proposition-de-directive-de-la-commission,38790;2013/06/11
179;http://www.journaldelenvironnement.net/article/conseil-de-l-ue-reduction-des-sacs-en-plastique-legers-et-des-emissions-de-co2-du-transport-maritime,40756;2013/12/18
180;http://www.journaldelenvironnement.net/article/les-moules-de-la-braderie-de-lille-ont-des-relents-de-plastique,36247;2013/02/09
181;http://www.journaldelenvironnement.net/article/forte-concentration-de-particules-plastiques-dans-les-grands-lacs,34573;2013/07/05
182;http://www.journaldelenvironnement.net/article/eco-emballages-veut-developper-l-incineration-des-plastiques,34860;2013/05/28
183;http://www.journaldelenvironnement.net/article/bientot-la-fin-a-la-carte-des-sacs-plastique-en-europe,38204;2013/10/23
184;http://www.journaldelenvironnement.net/article/dechets-plastiques-la-france-va-devoir-moderniser-tous-ses-centres-de-tri,33720;2013/03/19
185;http://www.journaldelenvironnement.net/article/trop-de-plastiques-francais-finissent-en-decharge,33012;2013/08/02
186;http://www.journaldelenvironnement.net/article/dechets-plastiques-publication-d-un-livre-vert,33532;2013/11/03
187;http://www.journaldelenvironnement.net/article/le-recyclage-des-plastiques-ne-s-emballe-pas,31818;2012/11/23
188;http://www.journaldelenvironnement.net/article/reach-impact-de-l-elargissement-de-restriction-du-cadmium-et-de-ses-composes-dans-les-matieres-plastiques,32623;2013/01/16
189;http://www.journaldelenvironnement.net/article/gestion-des-plastiques-issus-des-deee-et-contenant-des-retardateurs-de-flammes-bromes,32352;2012/12/24
190;http://www.journaldelenvironnement.net/article/les-poissons-du-channel-mangent-aussi-du-plastique,32803;2013/01/25
191;http://www.journaldelenvironnement.net/article/les-particules-invisibles-des-dechets-marins-de-premier-plan,79770;2017/02/22
192;http://www.journaldelenvironnement.net/article/lutte-contre-les-dechets-vers-une-refonte-de-la-fiscalite,94279;2018/10/18
193;http://www.journaldelenvironnement.net/article/modification-de-la-liste-communautaire-des-substances-autorisees-pour-la-fabrication-de-materiaux-et-d-objets-en-matiere-plastique,32837;2013/01/31
194;http://www.journaldelenvironnement.net/article/les-britanniques-en-tete-du-recyclage-des-plastiques-du-batiment,28039;2012/03/14
195;http://www.journaldelenvironnement.net/article/dechets-plastiques-melanges-appel-d-offred-de-la-commission-europeenne,29011;2012/05/15
196;http://www.journaldelenvironnement.net/article/la-collecte-des-plastiques-s-elargit-un-peu-en-france,27824;2012/02/03
197;http://www.journaldelenvironnement.net/article/la-pression-monte-en-faveur-d-une-taxe-anglaise-sur-les-sacs-plastique,30925;2012/01/10
198;http://www.journaldelenvironnement.net/article/comment-federec-veut-developper-le-recyclage-des-plastiques,26199;2011/11/29
199;http://www.journaldelenvironnement.net/article/chine-premier-bilan-de-l-interdiction-des-sacs-en-plastique,29591;2012/06/21
200;http://www.journaldelenvironnement.net/article/toronto-elimine-ses-sacs-plastique,29718;2012/02/07
201;http://www.journaldelenvironnement.net/article/52-de-sacs-plastique-en-moins-au-quebec,30097;2012/07/25
202;http://www.journaldelenvironnement.net/article/a-quand-la-taxe-anglaise-sur-les-sacs-plastique,30821;2012/09/24
203;http://www.journaldelenvironnement.net/article/les-anglais-raffolent-des-sacs-plastique,30194;2012/01/08
204;http://www.journaldelenvironnement.net/article/la-concentration-des-dechets-plastique-a-explose-dans-le-pacifique,28952;2012/09/05
205;http://www.journaldelenvironnement.net/article/sofia-taxe-les-sacs-plastiques,25345;2011/10/10
206;http://www.journaldelenvironnement.net/article/pays-de-galles-la-taxe-a-eu-raison-des-sacs-plastique,29808;2012/05/07
207;http://www.journaldelenvironnement.net/article/paillis-de-plastique-promenade-sous-la-pluie-pour-les-salmonelles,28287;2012/03/28
208;http://www.journaldelenvironnement.net/article/vers-un-recyclage-de-tous-les-emballages-plastiques-en-france,24060;2011/07/07
209;http://www.journaldelenvironnement.net/article/les-europeens-ne-veulent-plus-de-sacs-plastique,27105;2012/01/18
210;http://www.journaldelenvironnement.net/article/plastiques-il-n-y-a-pas-que-le-bpa,21925;2011/04/03
211;http://www.journaldelenvironnement.net/article/les-pecheurs-europeens-partent-a-la-peche-aux-plastiques,23023;2011/05/05
212;http://www.journaldelenvironnement.net/article/du-plastique-dans-9-des-poissons-du-pacifique,23961;2011/04/07
213;http://www.journaldelenvironnement.net/article/publication-de-directives-techniques-afin-de-faciliter-les-controles-a-l-importation-pour-les-ustensiles-de-cuisine-en-plastique,24020;2011/06/07
214;http://www.journaldelenvironnement.net/article/declaration-de-conformite-pour-l-importation-d-ustensiles-de-cuisine-en-plastique-originaires-ou-en-provenance-de-chine,23547;2011/08/06
215;http://www.journaldelenvironnement.net/article/recyclage-chiffres-mitiges-pour-les-plastiques-et-les-textiles,20307;2010/11/29
216;http://www.journaldelenvironnement.net/article/convertir-en-diesel-des-plastiques-en-fin-de-vie,19981;2010/08/11
217;http://www.journaldelenvironnement.net/article/dechets-d-emballages-plastiques-la-concurrence-doit-jouer,19312;2010/09/29
218;http://www.journaldelenvironnement.net/article/bruxelles-consulte-sur-la-fin-de-vie-des-sacs-en-plastique,23236;2011/05/18
219;http://www.journaldelenvironnement.net/article/la-mediterranee-envahie-par-les-micro-dechets-de-plastique,20830;2011/03/01
220;http://www.journaldelenvironnement.net/article/introduction-des-restrictions-relatives-au-bpa-dans-le-nouveau-reglement-sur-les-materiaux-en-matiere-plastique-au-contact-des-denrees-alimentaires,22618;2011/04/13
221;http://www.journaldelenvironnement.net/article/our-ocean-l-ue-renforce-ses-engagements-en-faveur-des-oceans,86758;2017/05/10
222;http://www.journaldelenvironnement.net/article/utilisation-des-sacs-en-plastique-ouverture-d-une-consultation-publique,23270;2011/05/20
223;http://www.journaldelenvironnement.net/article/dechets-marins-les-menaces-ecologiques-se-precisent,44773;2014/03/04
224;http://www.journaldelenvironnement.net/article/la-taxation-des-sacs-en-plastique-fait-toujours-debat,20435;2010/07/12
225;http://www.journaldelenvironnement.net/article/comment-prendre-en-compte-le-probleme-des-additifs-plus-ou-moins-connus-dans-les-formulations-lorsqu-on-melange-differents-plastiques-pour-en-faire-de-nouveaux,18752;2010/08/26
226;http://www.journaldelenvironnement.net/article/suez-et-la-poste-s-allient-pour-gerer-les-dechets-de-bureau,85834;2017/05/09
227;http://www.journaldelenvironnement.net/article/sacs-plastique,20809;2010/12/31
228;http://www.journaldelenvironnement.net/article/a-mexico-les-sacs-plastique-ont-la-vie-dure,18882;2010/02/09
229;http://www.journaldelenvironnement.net/article/ou-sont-passes-les-dechets-plastique-de-l-atlantique,18682;2010/08/20
230;http://www.journaldelenvironnement.net/article/le-concours-lepine-du-plastique-recycle,18063;2010/09/07
231;http://www.journaldelenvironnement.net/article/les-collectivites-veulent-des-moyens-pour-recycler-les-dechets-plastiques,14529;2010/05/01
232;http://www.journaldelenvironnement.net/article/le-recyclage-des-bouteilles-et-flacons-plastique-menagers-en-hausse-en-2009,14920;2010/02/16
233;http://www.journaldelenvironnement.net/article/des-senateurs-veulent-interdire-le-bpa-dans-les-plastiques-alimentaires,12823;2009/03/08
234;http://www.journaldelenvironnement.net/article/au-havre-des-dechets-finissent-a-la-mer,90979;2018/03/20
235;http://www.journaldelenvironnement.net/article/l-ademe-publie-un-rapport-sur-le-recyclage-des-plastiques-en-2007,11887;2009/05/24
236;http://www.journaldelenvironnement.net/article/emballages-plastique-leur-taux-de-recyclage-peut-etre-augmente,14448;2009/12/17
237;http://www.journaldelenvironnement.net/article/une-convention-pour-les-sacs-a-dechets-en-plastique-biodegradable,14118;2009/11/20
238;http://www.journaldelenvironnement.net/article/l-ademe-finance-la-fin-des-films-plastique-en-agriculture,13647;2009/10/14
239;http://www.journaldelenvironnement.net/article/hormones-et-bouteilles-plastique-une-etude-controversee,11624;2009/04/26
240;http://www.journaldelenvironnement.net/article/un-an-d-interdiction-chinoise-de-sacs-plastique,11951;2009/05/27
241;http://www.journaldelenvironnement.net/article/des-lignes-directrices-pour-les-plastiques-recycles,13862;2008/06/07
242;http://www.journaldelenvironnement.net/article/comment-recycler-a-bas-cout-les-films-plastique-agricoles,12422;2009/01/07
243;http://www.journaldelenvironnement.net/article/le-prix-de-reprise-des-bouteilles-en-plastique-chute,13955;2009/06/04
244;http://www.journaldelenvironnement.net/article/sacs-plastique-une-taxophilie-francaise,15197;2008/09/12
245;http://www.journaldelenvironnement.net/article/la-recherche-s-interroge-sur-le-lien-entre-plastiques-et-obesite,13451;2008/05/14
246;http://www.journaldelenvironnement.net/article/budget-2009-la-taxe-sur-les-sacs-plastique-annulee-par-le-senat,15224;2008/11/12
247;http://www.journaldelenvironnement.net/article/sacs-plastiques-l-australie-les-interdit-aussi,12243;2008/11/01
248;http://www.journaldelenvironnement.net/article/la-cour-des-comptes-etrille-la-politique-francilienne-des-dechets,79269;2017/08/02
249;http://www.journaldelenvironnement.net/article/dechets-l-amf-villipende-le-projet-de-bareme-emballages,70305;2016/12/05
250;http://www.journaldelenvironnement.net/article/microplastiques-les-larves-de-poissons-plus-vulnerables,71076;2016/03/06
251;http://www.journaldelenvironnement.net/article/une-nouvelle-norme-pour-le-recyclage-du-plastique,13945;2008/07/16
252;http://www.journaldelenvironnement.net/article/les-deputes-veulent-taxer-les-sacs-plastique-et-revoir-le-malus-auto,14699;2008/10/21
253;http://www.journaldelenvironnement.net/article/canada-l-industrie-du-plastique-denonce-l-interdiction-des-sacs,13656;2008/03/06
254;http://www.journaldelenvironnement.net/article/plus-aucun-sac-plastique-pour-l-a-en-2010,14052;2008/07/31
255;http://www.journaldelenvironnement.net/article/l-italie-et-la-france-recyclent-mieux-leurs-dechets-plastique-agricoles,14201;2008/08/28
256;http://www.journaldelenvironnement.net/article/installations-de-broyage-de-dechets-verts-non-dangereux-nouvelle-rubrique-2794-projet-de-prescriptions-generales,88081;2017/11/20
257;http://www.journaldelenvironnement.net/article/installations-de-tri-transit-ou-de-traitement-de-dechets-relevant-des-rubriques-2711-2713-2714-ou-2716-projet-de-prescriptions-applicables,88078;2017/11/20
258;http://www.journaldelenvironnement.net/article/emballages-tetra-pak-declare-la-guerre-au-verre-et-au-plastique,9455;2008/04/17
259;http://www.journaldelenvironnement.net/article/paris-adopte-son-nouveau-programme-de-prevention-des-dechets,88144;2017/11/21
260;http://www.journaldelenvironnement.net/article/les-sacs-plastique-fins-interdits-en-chine,13649;2008/02/06
261;http://www.journaldelenvironnement.net/article/san-francisco-veut-interdire-les-sacs-plastiques,11940;2007/03/29
262;http://www.journaldelenvironnement.net/article/new-york-va-recycler-ses-sacs-en-plastique,12262;2008/01/14
263;http://www.journaldelenvironnement.net/article/les-deputes-reclament-toujours-l-interdiction-des-sacs-plastique,9156;2008/12/02
264;http://www.journaldelenvironnement.net/article/96-des-fast-foods-ne-trient-pas-leurs-dechets,87133;2017/10/18
265;http://www.journaldelenvironnement.net/article/prevention-des-dechets-dans-les-entreprises-les-bonnes-pratiques-preconisees-par-le-ministere-de-l-environnement,86800;2017/09/10
266;http://www.journaldelenvironnement.net/article/les-sacs-plastique-en-question-en-afrique-et-au-bresil,16530;2007/08/23
267;http://www.journaldelenvironnement.net/article/l-ontario-veut-aussi-baisser-son-utilisation-de-sacs-plastique,15482;2007/05/13
268;http://www.journaldelenvironnement.net/article/dechets-d-emballages-le-projet-de-bareme-rejete-en-commission,74469;2016/12/09
269;http://www.journaldelenvironnement.net/article/la-malaisie-va-interdire-l-importation-de-dechets-plastique,16258;2007/05/07
270;http://www.journaldelenvironnement.net/article/new-york-songe-a-reduire-les-sacs-plastique,17122;2007/05/11
271;http://www.journaldelenvironnement.net/article/prix-de-reprise-des-bouteilles-et-flacons-plastiques,13397;2006/04/01
272;http://www.journaldelenvironnement.net/article/bp-des-plastiques-biodegradables,16826;2005/03/25
273;http://www.journaldelenvironnement.net/article/des-microplastiques-marins-tres-terre-a-terre,71661;2016/06/17
274;http://www.journaldelenvironnement.net/article/du-plastique-bio-degrade,14906;2006/04/07
275;http://www.journaldelenvironnement.net/article/vers-une-interdiction-des-sacs-plastiques,10687;2004/10/11
276;http://www.journaldelenvironnement.net/article/des-dechets-de-reacteurs-decouverts-sur-le-chantier-de-l-epr,84478;2017/10/07
277;http://www.journaldelenvironnement.net/article/obligation-de-tri-des-5-flux-de-dechets-publication-d-une-brochure-explicative,84142;2017/06/30
278;http://www.journaldelenvironnement.net/article/l-onu-rate-son-rendez-vous-avec-les-oceans,83545;2017/12/06
279;http://www.journaldelenvironnement.net/article/le-premier-barrage-flottant-de-dechets-sera-teste-au-japon,59508;2015/12/06
280;http://www.journaldelenvironnement.net/article/les-sacs-plastique-transformes-en-mobilier,8713;2005/05/22
281;http://www.journaldelenvironnement.net/article/sacs-plastique-aucune-solution-en-vue,8958;2005/07/19
282;http://www.journaldelenvironnement.net/article/le-recyclage-plastique-flambe,10813;2004/02/12
283;http://www.journaldelenvironnement.net/article/les-dechets-aeriens-sortis-des-radars,82473;2017/10/05
284;http://www.journaldelenvironnement.net/article/le-sac-plastique-propre-est-ne,8581;2005/04/24
285;http://www.journaldelenvironnement.net/article/tri-a-la-source-des-biodechets-mode-d-emploi,82350;2017/05/05
286;http://www.journaldelenvironnement.net/article/la-collecte-des-dechets-d-emballages-stagne-dans-l-hexagone,81861;2017/04/21
287;http://www.journaldelenvironnement.net/article/strategie-nationale-et-internationale-de-la-france-sur-l-eau-l-ocean-et-le-climat,80421;2017/03/14
288;http://www.journaldelenvironnement.net/article/exclusif-les-benefices-climatiques-inattendus-de-la-gestion-des-dechets,63207;2015/10/22
289;http://www.journaldelenvironnement.net/article/le-pays-basque-ausculte-ses-dechets-marins,77562;2016/12/23
290;http://www.journaldelenvironnement.net/article/dechets-les-reformes-attendues-d-ici-fin-2015,62292;2015/09/25
291;http://www.journaldelenvironnement.net/article/des-idees-pour-reduire-les-dechets-en-mer,38056;2013/10/18
292;http://www.journaldelenvironnement.net/article/dechets-d-emballages-le-cahier-des-charges-est-avance,77193;2016/02/12
293;http://www.journaldelenvironnement.net/article/robert-reed-le-tri-des-biodechets-permet-d-economiser-l-eau,60768;2015/07/24
294;http://www.journaldelenvironnement.net/article/dechets-italiens-rabat-fait-marche-arriere,72837;2016/07/18
295;http://www.journaldelenvironnement.net/article/importation-de-dechets-au-maroc-hakima-el-haite-s-explique,72591;2016/10/07
296;http://www.journaldelenvironnement.net/article/dechets-tri-a-la-source-obligatoire-dans-les-entreprises,72225;2016/01/07
297;http://www.journaldelenvironnement.net/article/la-reparation-tremplin-vers-le-zero-dechet,70656;2016/05/24
298;http://www.journaldelenvironnement.net/article/l-homme-qui-fait-valser-les-dechets-en-10-temps,50820;2014/06/10
299;http://www.journaldelenvironnement.net/article/dechets-menagers-l-ile-de-france-fait-du-surplace,68934;2016/05/04
300;http://www.journaldelenvironnement.net/article/dechets-sauvages-un-reseau-de-collecteurs-voit-le-jour,68916;2016/04/04
301;http://www.journaldelenvironnement.net/article/gestion-des-dechets-nouvelles-mesures-concernant-le-tri-et-la-collecte,68241;2016/03/15
302;http://www.journaldelenvironnement.net/article/paquet-economie-circulaire-possible-augmentation-des-objectifs-fixes-en-matiere-de-dechets-municipaux,67680;2016/02/26
303;http://www.journaldelenvironnement.net/article/bioplastique-une-opportunite-pour-l-industrie,9429;2005/11/30
304;http://www.journaldelenvironnement.net/article/une-strategie-contre-les-dechets-marins,22316;2011/03/28
305;http://www.journaldelenvironnement.net/article/api-up-transforme-les-dechets-en-mobilier-design,61431;2015/08/26
306;http://www.journaldelenvironnement.net/article/protection-des-oceans-le-cese-appelle-a-mettre-les-moyens,35546;2013/09/07
307;http://www.journaldelenvironnement.net/article/dechets-tour-d-europe-des-bonnes-pratiques,59838;2015/06/24
308;http://www.journaldelenvironnement.net/article/l-europe-consulte-sur-la-gouvernance-des-oceans,59213;2015/04/06
309;http://www.journaldelenvironnement.net/article/la-reforme-de-la-reglementation-europeenne-relative-aux-dechets-en-attente,57652;2015/04/15
310;http://www.journaldelenvironnement.net/article/record-mondial-de-dechets-electroniques,57802;2015/04/20
311;http://www.journaldelenvironnement.net/article/microplastiques-dans-les-produits-de-consommation-et-impact-sur-l-environnement,54931;2015/01/30
312;http://www.journaldelenvironnement.net/article/les-dechets-europeens-traversent-de-plus-en-plus-les-frontieres,31575;2012/09/11
313;http://www.journaldelenvironnement.net/article/vers-davantage-de-recyclage-des-dechets-issus-de-l-utilisation-des-produits-phytosanitaires,21521;2011/09/02
314;http://www.journaldelenvironnement.net/article/dans-les-rivieres-francaises-aussi-les-poissons-mangent-des-microplastiques,52759;2014/11/26
315;http://www.journaldelenvironnement.net/article/reduire-la-production-de-dechets-dans-l-ue-les-pistes-de-la-commission-europeenne,50664;2014/02/10
316;http://www.journaldelenvironnement.net/article/le-plan-national-dechets-est-boucle,52108;2014/07/11
317;http://www.journaldelenvironnement.net/article/les-territoires-zero-dechet-devront-s-engager-a-mieux-faire,51036;2014/10/10
318;http://www.journaldelenvironnement.net/article/bientot-20-territoires-zero-dechet-en-france,50814;2014/06/10
319;http://www.journaldelenvironnement.net/article/dechets-marins-le-pnue-tire-la-sonnette-d-alarme,12142;2009/08/06
320;http://www.journaldelenvironnement.net/article/dessine-moi-un-produit-zero-dechet,29605;2012/06/22
321;http://www.journaldelenvironnement.net/article/recherche-territoires-zero-dechet,48720;2014/07/30
322;http://www.journaldelenvironnement.net/article/john-kerry-veut-sauver-les-oceans,47118;2014/06/16
323;http://www.journaldelenvironnement.net/article/dechets-le-respect-de-la-loi-c-est-gagnant-gagnant,27043;2012/01/16
324;http://www.journaldelenvironnement.net/article/enlevement-des-dechets-obligation-pour-un-maire-de-faire-usage-de-ses-pouvoirs-de-police-generale,44306;2014/03/25
325;http://www.journaldelenvironnement.net/article/dechets-quels-objectifs-pour-la-nouvelle-directive-cadre,44860;2014/07/04
326;http://www.journaldelenvironnement.net/article/consultation-publique-sur-la-reduction-des-dechets-marins-publication-d-un-rapport-de-l-assemblee-nationale,41674;2014/01/15
327;http://www.journaldelenvironnement.net/article/dechets-organiques-toxicite-accrue-dans-les-grandes-exploitations,43490;2014/03/03
328;http://www.journaldelenvironnement.net/article/vers-plus-de-bioplastiques-dans-l-emballage,13854;2009/10/22
329;http://www.journaldelenvironnement.net/article/le-plein-d-idees-pour-reformer-les-directives-europeennes-sur-les-dechets,41566;2014/10/01
330;http://www.journaldelenvironnement.net/article/les-microplastiques-alterent-les-fonctions-des-ecosystemes-marins,40042;2013/03/12
331;http://www.journaldelenvironnement.net/article/sortie-du-statut-de-dechet-examen-des-criteres-par-la-commission-europeenne,37726;2013/10/14
332;http://www.journaldelenvironnement.net/article/recyclage-des-dechets-dans-l-ue-propositions-de-nouveaux-objectifs,34482;2013/02/05
333;http://www.journaldelenvironnement.net/article/new-york-va-composter-ses-dechets-alimentaires,35172;2013/06/18
334;http://www.journaldelenvironnement.net/article/fukushima-deux-ans-apres-les-dechets,33524;2013/08/03
335;http://www.journaldelenvironnement.net/article/incendie-a-l-usine-de-stockage-des-dechets-de-villeparisis,33180;2013/02/18
336;http://www.journaldelenvironnement.net/article/vers-une-taxe-sur-les-produits-fortement-generateurs-de-dechets,9296;2008/03/17
337;http://www.journaldelenvironnement.net/article/bioplastique-plutot-vers-un-decret,13322;2005/12/20
338;http://www.journaldelenvironnement.net/article/les-dechets-de-construction-plombent-toujours-la-france,32483;2013/07/01
339;http://www.journaldelenvironnement.net/article/dechets-et-climat-au-menu-d-un-conseil-environnement-charge,9710;2009/10/21
340;http://www.journaldelenvironnement.net/article/dechets-le-match-france-allemagne,31250;2012/10/19
341;http://www.journaldelenvironnement.net/article/bilan-2005-de-la-production-de-dechets-en-entreprise,10530;2006/02/11
342;http://www.journaldelenvironnement.net/article/65-recommandations-pour-lutter-contre-les-macrodechets-en-milieu-aquatique,8730;2009/05/17
343;http://www.journaldelenvironnement.net/article/dechets-les-professionnels-demandent-une-instance-de-regulation,29748;2012/03/07
344;http://www.journaldelenvironnement.net/article/les-dechets-urbains-prochaine-crise-mondiale,29407;2012/11/06
345;http://www.journaldelenvironnement.net/article/bruxelles-epingle-paris-sur-ses-dechets-d-emballages,27252;2012/01/26
346;http://www.journaldelenvironnement.net/article/que-faire-des-dechets-de-fukushima,27202;2012/01/24
347;http://www.journaldelenvironnement.net/article/sortie-du-statut-de-dechet-creation-d-une-commission-consultative,26825;2012/03/01
348;http://www.journaldelenvironnement.net/article/directive-dechets-un-accord-en-trompe-l-il-selon-les-ong,9679;2008/06/15
349;http://www.journaldelenvironnement.net/article/la-chine-met-les-dechets-a-sac,12231;2008/10/01
350;http://www.journaldelenvironnement.net/article/en-finir-avec-les-delinquants-des-dechets,24817;2011/05/09
351;http://www.journaldelenvironnement.net/article/la-montagne-de-dechets-de-limeil-brevannes-bientot-nettoyee,23955;2011/04/07
352;http://www.journaldelenvironnement.net/article/comment-regler-le-probleme-des-dechets-de-l-espace,23773;2011/06/21
353;http://www.journaldelenvironnement.net/article/comment-les-collectivites-gerent-t-elles-les-dechets-de-chantier,23475;2011/01/06
354;http://www.journaldelenvironnement.net/article/trafic-illegal-de-dechets-prises-en-france-et-en-italie,22689;2011/04/15
355;http://www.journaldelenvironnement.net/article/dechets-un-centre-de-tri-en-plein-paris,23021;2011/05/05
356;http://www.journaldelenvironnement.net/article/a-la-peche-aux-macro-dechets-des-ports-et-du-littoral,21067;2011/12/01
357;http://www.journaldelenvironnement.net/article/dechets-menagers-valorplast-toujours-en-tete,15386;2007/01/15
358;http://www.journaldelenvironnement.net/article/dechets-france-irlande-essai-de-fiscalite-comparee,21098;2011/01/13
359;http://www.journaldelenvironnement.net/article/dechets-d-emballages-des-menages-renouvellement-de-l-agrement-de-deux-organismes,20832;2011/03/01
360;http://www.journaldelenvironnement.net/article/grenelle-ii-et-dechets-la-fnade-fait-le-point,17832;2010/06/25
361;http://www.journaldelenvironnement.net/article/l-ademe-publie-des-chiffres-sur-les-dechets-des-entreprises,14966;2006/11/07
362;http://www.journaldelenvironnement.net/article/dechets-les-eaux-des-caraibes-bientot-reglementees,17288;2010/04/19
363;http://www.journaldelenvironnement.net/article/dechets-d-emballages-menagers-la-filiere-severement-mise-en-cause,10040;2009/12/23
364;http://www.journaldelenvironnement.net/article/dechets-d-emballages-sursis-pour-les-pays-entrants,11243;2005/01/03
365;http://www.journaldelenvironnement.net/article/les-dechets-lies-a-la-peche-polluent-les-milieux-marins,12755;2009/05/05
366;http://www.journaldelenvironnement.net/article/une-vague-de-dechets-menace-les-oceans,16488;2009/11/03
367;http://www.journaldelenvironnement.net/article/dechets-menagers-la-prevention-mise-au-rebut,10290;2008/11/25
368;http://www.journaldelenvironnement.net/article/les-dechets-d-agrofourniture-mieux-collectes,12862;2008/03/13
369;http://www.journaldelenvironnement.net/article/le-trafic-de-dechets-d-europe-de-l-ouest-en-recrudescence-en-pologne,8934;2007/12/28
370;http://www.journaldelenvironnement.net/article/la-grande-consommation-s-engage-a-reduire-les-dechets-menagers,17152;2007/08/11
371;http://www.journaldelenvironnement.net/article/des-dechets-hospitaliers-illegalement-recycles-au-vietnam,16591;2007/02/09
372;http://www.journaldelenvironnement.net/article/polemique-sur-le-traitement-des-dechets-de-bhopal,15984;2007/05/29
373;http://www.journaldelenvironnement.net/article/des-entreprises-modeles-dans-la-gestion-de-leurs-dechets,10843;2007/06/19
374;http://www.journaldelenvironnement.net/article/accords-et-desaccords-sur-les-dechets-en-savoie,10767;2007/11/06
375;http://www.journaldelenvironnement.net/article/etats-unis-le-recyclage-des-dechets-menagers-en-hausse,15676;2006/10/23
376;http://www.journaldelenvironnement.net/article/la-guadeloupe-face-a-ses-problemes-de-dechets,10756;2007/02/02
377;http://www.journaldelenvironnement.net/article/trafic-de-dechets-entre-le-royaume-uni-et-la-chine,16023;2007/01/29
378;http://www.journaldelenvironnement.net/article/mcdonald-s-communique-sur-ses-dechets,10096;2007/08/01
379;http://www.journaldelenvironnement.net/article/prevention-des-dechets-d-emballage-le-grand-renoncement,10444;2006/09/25
380;http://www.journaldelenvironnement.net/article/la-republique-tcheque-se-plaint-des-dechets-allemands,13968;2006/02/23
381;http://www.journaldelenvironnement.net/article/dechets-menagers-une-campagne-publicitaire-et-c-est-tout,9221;2005/10/10
382;http://www.journaldelenvironnement.net/article/dechets-d-activite-de-soins-a-risques-infectieux-des-precisions-sur-les-emballages,11264;2005/07/03
383;http://www.journaldelenvironnement.net/article/des-dechets-francais-reimportes-de-roumanie,11104;2005/08/02
